{
  "type": "FeatureCollection",
  "generator": "overpass-turbo",
  "copyright": "The data included in this document is from www.openstreetmap.org. The data is made available under ODbL.",
  "timestamp": "2026-09-16T14:39:51Z",
  "features": [
    {
      "type": "Feature",
      "properties": {
        "@id": "relation/12382148",
        "admin_level": "9",
        "alt_name:en": "Khorasgan",
        "alt_name:fa": "خوراسگان",
        "boundary": "administrative",
        "name": "منطقه ۱۵",
        "name:de": "15. Bezirk",
        "name:en": "District 15",
        "name:fa": "منطقه ۱۵",
        "official_name:fa": "منطقه ۱۵ شهر اصفهان",
        "place": "suburb",
        "source": "https://map.isfahan.ir/home/portal?district_no=15",
        "type": "boundary",
        "wikidata": "Q2614200",
        "wikipedia": "en:Khvorasgan"
      },
      "geometry": {
        "type": "Polygon",
        "coordinates": [
          [
            [
              51.8045609,
              32.696715
            ],
            [
              51.8045094,
              32.7005503
            ],
            [
              51.8036944,
              32.70324
            ],
            [
              51.801785,
              32.7031949
            ],
            [
              51.7983639,
              32.7032313
            ],
            [
              51.7860593,
              32.7044054
            ],
            [
              51.7702575,
              32.7059968
            ],
            [
              51.7686958,
              32.7060952
            ],
            [
              51.7681625,
              32.7061012
            ],
            [
              51.7677468,
              32.7060697
            ],
            [
              51.7675433,
              32.7059841
            ],
            [
              51.7672916,
              32.7058707
            ],
            [
              51.7626675,
              32.7035068
            ],
            [
              51.7614125,
              32.7028899
            ],
            [
              51.7601692,
              32.7023144
            ],
            [
              51.759707,
              32.7020969
            ],
            [
              51.7585546,
              32.6998001
            ],
            [
              51.7484179,
              32.6816033
            ],
            [
              51.7486,
              32.6811742
            ],
            [
              51.7489459,
              32.6809903
            ],
            [
              51.7486347,
              32.6805495
            ],
            [
              51.7474529,
              32.6788754
            ],
            [
              51.7496924,
              32.6732508
            ],
            [
              51.7493465,
              32.6730056
            ],
            [
              51.7491644,
              32.6725918
            ],
            [
              51.7477078,
              32.6719174
            ],
            [
              51.7467792,
              32.6710898
            ],
            [
              51.7446489,
              32.6703388
            ],
            [
              51.7439315,
              32.6696756
            ],
            [
              51.7437568,
              32.6695265
            ],
            [
              51.7413716,
              32.6688214
            ],
            [
              51.7408254,
              32.6679018
            ],
            [
              51.7389864,
              32.6677025
            ],
            [
              51.7385809,
              32.6676519
            ],
            [
              51.7384948,
              32.6676412
            ],
            [
              51.7357819,
              32.6670281
            ],
            [
              51.7356337,
              32.6670223
            ],
            [
              51.7347987,
              32.6671354
            ],
            [
              51.7333785,
              32.6669975
            ],
            [
              51.7327231,
              32.6663537
            ],
            [
              51.7321222,
              32.6659399
            ],
            [
              51.7318195,
              32.6658477
            ],
            [
              51.7312665,
              32.6656793
            ],
            [
              51.7309023,
              32.6662158
            ],
            [
              51.7302651,
              32.6670281
            ],
            [
              51.7291362,
              32.6667369
            ],
            [
              51.7282258,
              32.6661085
            ],
            [
              51.7278253,
              32.6658326
            ],
            [
              51.7280802,
              32.6653421
            ],
            [
              51.7278435,
              32.6648669
            ],
            [
              51.7273883,
              32.6645297
            ],
            [
              51.7275704,
              32.6640852
            ],
            [
              51.7271698,
              32.66384
            ],
            [
              51.7261138,
              32.6631502
            ],
            [
              51.725604,
              32.6621845
            ],
            [
              51.7256404,
              32.6616787
            ],
            [
              51.7253126,
              32.6609429
            ],
            [
              51.7250942,
              32.660805
            ],
            [
              51.7249121,
              32.6602991
            ],
            [
              51.7245661,
              32.6595787
            ],
            [
              51.724202,
              32.6596553
            ],
            [
              51.7240381,
              32.6592261
            ],
            [
              51.723674,
              32.6592721
            ],
            [
              51.7235101,
              32.6587969
            ],
            [
              51.7232734,
              32.6580151
            ],
            [
              51.7227454,
              32.6574786
            ],
            [
              51.7243654,
              32.656987
            ],
            [
              51.7221768,
              32.6543855
            ],
            [
              51.7229492,
              32.6538002
            ],
            [
              51.7238505,
              32.6534316
            ],
            [
              51.7253954,
              32.652933
            ],
            [
              51.7277128,
              32.6525211
            ],
            [
              51.7308027,
              32.6522175
            ],
            [
              51.7323219,
              32.651784
            ],
            [
              51.7335837,
              32.6511552
            ],
            [
              51.7340639,
              32.6508638
            ],
            [
              51.7347724,
              32.6506999
            ],
            [
              51.736537,
              32.6504306
            ],
            [
              51.7378323,
              32.6502447
            ],
            [
              51.7376263,
              32.649139
            ],
            [
              51.7373173,
              32.6488571
            ],
            [
              51.7369504,
              32.6486132
            ],
            [
              51.7354891,
              32.6477731
            ],
            [
              51.7355921,
              32.6473611
            ],
            [
              51.7370855,
              32.6476647
            ],
            [
              51.7379095,
              32.6477948
            ],
            [
              51.7402285,
              32.6431092
            ],
            [
              51.7409222,
              32.6417239
            ],
            [
              51.7397377,
              32.6405964
            ],
            [
              51.7403557,
              32.640011
            ],
            [
              51.7385533,
              32.6385799
            ],
            [
              51.7352059,
              32.6341998
            ],
            [
              51.7342016,
              32.6328771
            ],
            [
              51.7336352,
              32.6323349
            ],
            [
              51.7332747,
              32.6325084
            ],
            [
              51.7326567,
              32.6317495
            ],
            [
              51.7331974,
              32.6314242
            ],
            [
              51.7320902,
              32.6303399
            ],
            [
              51.731943,
              32.6298029
            ],
            [
              51.7319357,
              32.6297761
            ],
            [
              51.7320337,
              32.6296905
            ],
            [
              51.7326309,
              32.6291689
            ],
            [
              51.7341501,
              32.6297544
            ],
            [
              51.7355148,
              32.6298629
            ],
            [
              51.737755,
              32.6297761
            ],
            [
              51.7394507,
              32.6296012
            ],
            [
              51.7409222,
              32.6294291
            ],
            [
              51.7438061,
              32.6296026
            ],
            [
              51.7481577,
              32.6301014
            ],
            [
              51.7484409,
              32.6289738
            ],
            [
              51.7505118,
              32.62582
            ],
            [
              51.7510464,
              32.6250058
            ],
            [
              51.7515309,
              32.6242679
            ],
            [
              51.7524321,
              32.6230534
            ],
            [
              51.7529986,
              32.6227715
            ],
            [
              51.7610323,
              32.6204726
            ],
            [
              51.7612641,
              32.6211883
            ],
            [
              51.7657482,
              32.6202937
            ],
            [
              51.7671091,
              32.6235305
            ],
            [
              51.7679074,
              32.625504
            ],
            [
              51.7666971,
              32.6259811
            ],
            [
              51.7674181,
              32.6274124
            ],
            [
              51.7748339,
              32.6251353
            ],
            [
              51.7767312,
              32.6288214
            ],
            [
              51.7808103,
              32.6367461
            ],
            [
              51.781156,
              32.636592
            ],
            [
              51.7814081,
              32.6369389
            ],
            [
              51.7810494,
              32.6372106
            ],
            [
              51.7823012,
              32.6396424
            ],
            [
              51.7852108,
              32.6368019
            ],
            [
              51.787629,
              32.6363411
            ],
            [
              51.7893265,
              32.6406055
            ],
            [
              51.7895882,
              32.6416805
            ],
            [
              51.7897684,
              32.6427213
            ],
            [
              51.789866,
              32.6430624
            ],
            [
              51.7898868,
              32.6447085
            ],
            [
              51.7897783,
              32.6458721
            ],
            [
              51.7893574,
              32.647287
            ],
            [
              51.7888938,
              32.6485853
            ],
            [
              51.7985389,
              32.6512436
            ],
            [
              51.8086177,
              32.6541153
            ],
            [
              51.8090423,
              32.6542439
            ],
            [
              51.8114758,
              32.6547007
            ],
            [
              51.8139735,
              32.6548958
            ],
            [
              51.8154927,
              32.6549138
            ],
            [
              51.8262612,
              32.6538578
            ],
            [
              51.8265384,
              32.6538877
            ],
            [
              51.8270051,
              32.6540413
            ],
            [
              51.8274826,
              32.6541361
            ],
            [
              51.8279064,
              32.6542716
            ],
            [
              51.828298,
              32.6544207
            ],
            [
              51.8285447,
              32.6544839
            ],
            [
              51.8287915,
              32.6545155
            ],
            [
              51.8290222,
              32.6544749
            ],
            [
              51.8293601,
              32.6543123
            ],
            [
              51.8296069,
              32.6540819
            ],
            [
              51.8297088,
              32.6538922
            ],
            [
              51.8298222,
              32.6538064
            ],
            [
              51.8320691,
              32.653789
            ],
            [
              51.8340321,
              32.6540936
            ],
            [
              51.8351928,
              32.6543273
            ],
            [
              51.836524,
              32.6545874
            ],
            [
              51.8445378,
              32.6562182
            ],
            [
              51.8580819,
              32.6590581
            ],
            [
              51.856022,
              32.6664067
            ],
            [
              51.8561507,
              32.6676856
            ],
            [
              51.8572064,
              32.669528
            ],
            [
              51.8618031,
              32.6761746
            ],
            [
              51.8641845,
              32.6796933
            ],
            [
              51.8649827,
              32.6815572
            ],
            [
              51.8653689,
              32.683551
            ],
            [
              51.8643647,
              32.6906593
            ],
            [
              51.8591119,
              32.6891856
            ],
            [
              51.8504086,
              32.6869102
            ],
            [
              51.8481685,
              32.6961634
            ],
            [
              51.8475185,
              32.6961398
            ],
            [
              51.84715,
              32.6964217
            ],
            [
              51.8452572,
              32.6960975
            ],
            [
              51.8447379,
              32.6962666
            ],
            [
              51.8441014,
              32.6963794
            ],
            [
              51.8432531,
              32.6967133
            ],
            [
              51.8431216,
              32.6967701
            ],
            [
              51.8422461,
              32.6963367
            ],
            [
              51.8407784,
              32.6960117
            ],
            [
              51.8403922,
              32.6960117
            ],
            [
              51.839388,
              32.6950366
            ],
            [
              51.8351651,
              32.6939748
            ],
            [
              51.8287278,
              32.6936064
            ],
            [
              51.8251744,
              32.6935847
            ],
            [
              51.822136,
              32.6963151
            ],
            [
              51.8209,
              32.696055
            ],
            [
              51.8191749,
              32.6971602
            ],
            [
              51.8130948,
              32.696975
            ],
            [
              51.8045609,
              32.696715
            ]
          ]
        ]
      },
      "id": "relation/12382148"
    },
    {
      "type": "Feature",
      "properties": {
        "@id": "relation/12382552",
        "admin_level": "9",
        "boundary": "administrative",
        "name": "منطقه ۱۴",
        "name:de": "14. Bezirk",
        "name:en": "District 14",
        "name:fa": "منطقه ۱۴",
        "official_name:fa": "منطقه ۱۴ شهر اصفهان",
        "place": "suburb",
        "source": "https://map.isfahan.ir/home/portal?district_no=14",
        "type": "boundary",
        "url": "https://mun14.isfahan.ir/"
      },
      "geometry": {
        "type": "Polygon",
        "coordinates": [
          [
            [
              51.7590318,
              32.7093443
            ],
            [
              51.7617337,
              32.7103589
            ],
            [
              51.7634062,
              32.710922
            ],
            [
              51.7657636,
              32.7116647
            ],
            [
              51.7680466,
              32.7123048
            ],
            [
              51.7674584,
              32.7125613
            ],
            [
              51.7628754,
              32.7158033
            ],
            [
              51.7494838,
              32.7191739
            ],
            [
              51.736844,
              32.7290924
            ],
            [
              51.7384404,
              32.7327552
            ],
            [
              51.7346544,
              32.7333751
            ],
            [
              51.7218265,
              32.7343298
            ],
            [
              51.7106271,
              32.7357202
            ],
            [
              51.7086864,
              32.7359934
            ],
            [
              51.708377,
              32.7343932
            ],
            [
              51.7079362,
              32.7335052
            ],
            [
              51.704326,
              32.7204264
            ],
            [
              51.6980479,
              32.7184406
            ],
            [
              51.6959222,
              32.7177711
            ],
            [
              51.6913652,
              32.7163286
            ],
            [
              51.6932274,
              32.7118147
            ],
            [
              51.6927882,
              32.7112187
            ],
            [
              51.6926241,
              32.7099743
            ],
            [
              51.6922818,
              32.7081064
            ],
            [
              51.6920434,
              32.7062523
            ],
            [
              51.6919395,
              32.7052593
            ],
            [
              51.6918991,
              32.7049959
            ],
            [
              51.6916755,
              32.7029312
            ],
            [
              51.6916719,
              32.7028978
            ],
            [
              51.6915706,
              32.702265
            ],
            [
              51.6914482,
              32.7013449
            ],
            [
              51.6909379,
              32.6998131
            ],
            [
              51.6909176,
              32.698403
            ],
            [
              51.6906976,
              32.697137
            ],
            [
              51.6900882,
              32.6938758
            ],
            [
              51.697145,
              32.6944958
            ],
            [
              51.6989885,
              32.6946564
            ],
            [
              51.7038929,
              32.6950835
            ],
            [
              51.7063964,
              32.6952975
            ],
            [
              51.7081953,
              32.6954699
            ],
            [
              51.709774,
              32.6956094
            ],
            [
              51.7111149,
              32.695731
            ],
            [
              51.7137884,
              32.6959471
            ],
            [
              51.7159746,
              32.6961297
            ],
            [
              51.7179247,
              32.6963184
            ],
            [
              51.7192183,
              32.6964441
            ],
            [
              51.721276,
              32.6967467
            ],
            [
              51.7226629,
              32.6969612
            ],
            [
              51.7256697,
              32.6975548
            ],
            [
              51.727999,
              32.6980649
            ],
            [
              51.7310094,
              32.6988801
            ],
            [
              51.7325475,
              32.6993534
            ],
            [
              51.7340073,
              32.6998269
            ],
            [
              51.7357734,
              32.7004695
            ],
            [
              51.7373142,
              32.7010302
            ],
            [
              51.7401167,
              32.7021306
            ],
            [
              51.7476259,
              32.7050017
            ],
            [
              51.7493451,
              32.7056586
            ],
            [
              51.7545223,
              32.7076645
            ],
            [
              51.7590318,
              32.7093443
            ]
          ]
        ]
      },
      "id": "relation/12382552"
    },
    {
      "type": "Feature",
      "properties": {
        "@id": "relation/12382638",
        "admin_level": "9",
        "boundary": "administrative",
        "name": "منطقه ۱۳",
        "name:de": "13. Bezirk",
        "name:en": "District 13",
        "name:fa": "منطقه ۱۳",
        "official_name:fa": "منطقه ۱۳ شهر اصفهان",
        "place": "suburb",
        "source": "https://map.isfahan.ir/home/portal?district_no=13",
        "type": "boundary",
        "url": "https://mun13.isfahan.ir/"
      },
      "geometry": {
        "type": "Polygon",
        "coordinates": [
          [
            [
              51.5805437,
              32.5987799
            ],
            [
              51.5795319,
              32.5976871
            ],
            [
              51.5790764,
              32.5969285
            ],
            [
              51.577549,
              32.5933772
            ],
            [
              51.5788793,
              32.593106
            ],
            [
              51.5784716,
              32.5907919
            ],
            [
              51.5770769,
              32.5909908
            ],
            [
              51.5768194,
              32.5889298
            ],
            [
              51.5773344,
              32.5862359
            ],
            [
              51.5778065,
              32.5848076
            ],
            [
              51.5784287,
              32.5836866
            ],
            [
              51.5808981,
              32.5820262
            ],
            [
              51.5861797,
              32.5806021
            ],
            [
              51.5917096,
              32.5791111
            ],
            [
              51.5974363,
              32.5773971
            ],
            [
              51.6268934,
              32.5682835
            ],
            [
              51.6261294,
              32.6036949
            ],
            [
              51.6261894,
              32.604323
            ],
            [
              51.6262252,
              32.6118271
            ],
            [
              51.6262573,
              32.6162104
            ],
            [
              51.6262045,
              32.6164803
            ],
            [
              51.6259993,
              32.6172479
            ],
            [
              51.6260533,
              32.6209853
            ],
            [
              51.6260723,
              32.622983
            ],
            [
              51.6260307,
              32.6236502
            ],
            [
              51.626017,
              32.6245085
            ],
            [
              51.6262549,
              32.6295417
            ],
            [
              51.6262944,
              32.6303763
            ],
            [
              51.6264957,
              32.6340455
            ],
            [
              51.6265953,
              32.6345147
            ],
            [
              51.6267425,
              32.6346946
            ],
            [
              51.6272069,
              32.634945
            ],
            [
              51.6285818,
              32.635164
            ],
            [
              51.6310528,
              32.6352249
            ],
            [
              51.6310839,
              32.6366261
            ],
            [
              51.6299341,
              32.6366665
            ],
            [
              51.6266296,
              32.6376206
            ],
            [
              51.6227132,
              32.6378298
            ],
            [
              51.6197419,
              32.6389324
            ],
            [
              51.6179124,
              32.6391834
            ],
            [
              51.6155918,
              32.6387554
            ],
            [
              51.6090687,
              32.639536
            ],
            [
              51.6073349,
              32.6397383
            ],
            [
              51.6065452,
              32.63976
            ],
            [
              51.6051805,
              32.6400853
            ],
            [
              51.6041591,
              32.6399768
            ],
            [
              51.6027687,
              32.6395215
            ],
            [
              51.6013782,
              32.6387698
            ],
            [
              51.6008375,
              32.6386036
            ],
            [
              51.6001852,
              32.6386542
            ],
            [
              51.5981682,
              32.6398829
            ],
            [
              51.596709,
              32.6405117
            ],
            [
              51.592653,
              32.6427925
            ],
            [
              51.5915972,
              32.6421565
            ],
            [
              51.5906102,
              32.6418529
            ],
            [
              51.5894772,
              32.6420697
            ],
            [
              51.5885895,
              32.642586
            ],
            [
              51.5878979,
              32.643096
            ],
            [
              51.5873621,
              32.6439808
            ],
            [
              51.586581,
              32.6445301
            ],
            [
              51.5856197,
              32.6445879
            ],
            [
              51.5838688,
              32.6441471
            ],
            [
              51.5818346,
              32.6432075
            ],
            [
              51.5807188,
              32.6429257
            ],
            [
              51.5791481,
              32.6428317
            ],
            [
              51.577852,
              32.6423475
            ],
            [
              51.5770648,
              32.6419998
            ],
            [
              51.5766247,
              32.6418054
            ],
            [
              51.5754488,
              32.6416247
            ],
            [
              51.5743931,
              32.6418777
            ],
            [
              51.5729769,
              32.6423041
            ],
            [
              51.5719812,
              32.6423041
            ],
            [
              51.5707023,
              32.6418199
            ],
            [
              51.5672262,
              32.639854
            ],
            [
              51.5663164,
              32.6392179
            ],
            [
              51.5656469,
              32.6387771
            ],
            [
              51.5632694,
              32.6378519
            ],
            [
              51.5624626,
              32.63757
            ],
            [
              51.5619685,
              32.6368237
            ],
            [
              51.561913,
              32.6365724
            ],
            [
              51.561836,
              32.636016
            ],
            [
              51.5618017,
              32.6355824
            ],
            [
              51.5621279,
              32.6349969
            ],
            [
              51.5626161,
              32.6345078
            ],
            [
              51.5628116,
              32.6342319
            ],
            [
              51.5628918,
              32.6339922
            ],
            [
              51.5627544,
              32.6336019
            ],
            [
              51.5621794,
              32.6329658
            ],
            [
              51.5618704,
              32.6325755
            ],
            [
              51.5616901,
              32.6321056
            ],
            [
              51.5616472,
              32.6311804
            ],
            [
              51.5621349,
              32.6301485
            ],
            [
              51.5621308,
              32.6294392
            ],
            [
              51.562096,
              32.6292797
            ],
            [
              51.5620249,
              32.6289541
            ],
            [
              51.5619594,
              32.6286891
            ],
            [
              51.5621708,
              32.6284842
            ],
            [
              51.562557,
              32.6282529
            ],
            [
              51.5637501,
              32.6279349
            ],
            [
              51.5647972,
              32.6276602
            ],
            [
              51.5657097,
              32.6273509
            ],
            [
              51.5657856,
              32.6271922
            ],
            [
              51.565632,
              32.6269075
            ],
            [
              51.565647,
              32.6267029
            ],
            [
              51.5656471,
              32.6263354
            ],
            [
              51.5655817,
              32.626255
            ],
            [
              51.565506,
              32.6259653
            ],
            [
              51.5654336,
              32.6255984
            ],
            [
              51.5654604,
              32.6251606
            ],
            [
              51.5654776,
              32.624653
            ],
            [
              51.5656257,
              32.6243646
            ],
            [
              51.5660083,
              32.6240138
            ],
            [
              51.5663936,
              32.6236048
            ],
            [
              51.5667198,
              32.6232362
            ],
            [
              51.5667158,
              32.6222024
            ],
            [
              51.5666175,
              32.621184
            ],
            [
              51.5667117,
              32.6211241
            ],
            [
              51.5682705,
              32.622027
            ],
            [
              51.5703642,
              32.6232924
            ],
            [
              51.5709882,
              32.6236627
            ],
            [
              51.5719331,
              32.6225689
            ],
            [
              51.5758688,
              32.6180507
            ],
            [
              51.5762178,
              32.6176311
            ],
            [
              51.5769318,
              32.6168878
            ],
            [
              51.5773129,
              32.6165642
            ],
            [
              51.5779325,
              32.6161079
            ],
            [
              51.5788445,
              32.6155634
            ],
            [
              51.5803277,
              32.6146801
            ],
            [
              51.5820209,
              32.613879
            ],
            [
              51.587154,
              32.6111097
            ],
            [
              51.5870705,
              32.6101744
            ],
            [
              51.5830789,
              32.6080831
            ],
            [
              51.5800355,
              32.6053198
            ],
            [
              51.5787636,
              32.6047276
            ],
            [
              51.5774806,
              32.6038595
            ],
            [
              51.5767656,
              32.6030342
            ],
            [
              51.5761315,
              32.6022498
            ],
            [
              51.5724294,
              32.603382
            ],
            [
              51.5739361,
              32.6014191
            ],
            [
              51.5719394,
              32.5968541
            ],
            [
              51.572413,
              32.596536
            ],
            [
              51.5731264,
              32.5962628
            ],
            [
              51.5766492,
              32.5995622
            ],
            [
              51.5768124,
              32.5994251
            ],
            [
              51.577597,
              32.5987658
            ],
            [
              51.5786073,
              32.5999469
            ],
            [
              51.5791863,
              32.599624
            ],
            [
              51.5801803,
              32.598973
            ],
            [
              51.5805437,
              32.5987799
            ]
          ]
        ]
      },
      "id": "relation/12382638"
    },
    {
      "type": "Feature",
      "properties": {
        "@id": "relation/12382668",
        "admin_level": "9",
        "boundary": "administrative",
        "name": "منطقه ۱۲",
        "name:de": "12. Bezirk",
        "name:en": "District 12",
        "name:fa": "منطقه ۱۲",
        "official_name:fa": "منطقه ۱۲ شهر اصفهان",
        "place": "suburb",
        "source": "https://map.isfahan.ir/home/portal?district_no=12",
        "type": "boundary",
        "url": "https://mun12.isfahan.ir/"
      },
      "geometry": {
        "type": "Polygon",
        "coordinates": [
          [
            [
              51.5387438,
              32.8093365
            ],
            [
              51.5464858,
              32.7791316
            ],
            [
              51.546645,
              32.778467
            ],
            [
              51.5505496,
              32.763272
            ],
            [
              51.5512289,
              32.7606282
            ],
            [
              51.5537041,
              32.7509943
            ],
            [
              51.5542834,
              32.7489605
            ],
            [
              51.555337,
              32.7472063
            ],
            [
              51.5558842,
              32.7466992
            ],
            [
              51.5583346,
              32.7448745
            ],
            [
              51.559628,
              32.7438772
            ],
            [
              51.5619958,
              32.7421077
            ],
            [
              51.5632241,
              32.7411897
            ],
            [
              51.5767764,
              32.7309077
            ],
            [
              51.5875106,
              32.722763
            ],
            [
              51.589796,
              32.7210289
            ],
            [
              51.5901938,
              32.720727
            ],
            [
              51.596894,
              32.7156425
            ],
            [
              51.5989827,
              32.7140575
            ],
            [
              51.6024968,
              32.7113907
            ],
            [
              51.6044526,
              32.7099064
            ],
            [
              51.6046292,
              32.710047
            ],
            [
              51.6047136,
              32.7101141
            ],
            [
              51.6048584,
              32.7102294
            ],
            [
              51.6052033,
              32.7103228
            ],
            [
              51.6052809,
              32.7103438
            ],
            [
              51.6061157,
              32.7105698
            ],
            [
              51.6064272,
              32.7106526
            ],
            [
              51.6109265,
              32.7118501
            ],
            [
              51.6126163,
              32.7122969
            ],
            [
              51.6219505,
              32.7147095
            ],
            [
              51.6230467,
              32.7149017
            ],
            [
              51.6253641,
              32.71519
            ],
            [
              51.62969,
              32.7154067
            ],
            [
              51.6312639,
              32.7155407
            ],
            [
              51.6327443,
              32.7156019
            ],
            [
              51.6423408,
              32.7162151
            ],
            [
              51.6442544,
              32.7160644
            ],
            [
              51.6579379,
              32.7148317
            ],
            [
              51.6586391,
              32.7147729
            ],
            [
              51.6603201,
              32.7146319
            ],
            [
              51.6613307,
              32.7145457
            ],
            [
              51.667031,
              32.7140152
            ],
            [
              51.6698745,
              32.7137475
            ],
            [
              51.6729989,
              32.7134158
            ],
            [
              51.6741806,
              32.7133091
            ],
            [
              51.675677,
              32.7132009
            ],
            [
              51.6759916,
              32.7132067
            ],
            [
              51.6753691,
              32.715385
            ],
            [
              51.6745194,
              32.7174431
            ],
            [
              51.6735667,
              32.7191112
            ],
            [
              51.6704768,
              32.7229456
            ],
            [
              51.6699237,
              32.7235755
            ],
            [
              51.6666588,
              32.727294
            ],
            [
              51.6663616,
              32.7276236
            ],
            [
              51.6661678,
              32.7278386
            ],
            [
              51.6659036,
              32.7281028
            ],
            [
              51.6654751,
              32.7285314
            ],
            [
              51.6644282,
              32.729517
            ],
            [
              51.6636861,
              32.7299642
            ],
            [
              51.6627853,
              32.7303346
            ],
            [
              51.6597582,
              32.7313616
            ],
            [
              51.659016,
              32.7316957
            ],
            [
              51.6585878,
              32.7319291
            ],
            [
              51.6583507,
              32.7321146
            ],
            [
              51.6580321,
              32.7324112
            ],
            [
              51.6576065,
              32.732936
            ],
            [
              51.6573261,
              32.7335331
            ],
            [
              51.6571542,
              32.7341038
            ],
            [
              51.6570801,
              32.7358414
            ],
            [
              51.6570101,
              32.7368005
            ],
            [
              51.6567986,
              32.7378929
            ],
            [
              51.6563932,
              32.7386731
            ],
            [
              51.6559795,
              32.7392591
            ],
            [
              51.6400154,
              32.757296
            ],
            [
              51.6337783,
              32.7644955
            ],
            [
              51.6263169,
              32.7728857
            ],
            [
              51.6215066,
              32.7783417
            ],
            [
              51.6186436,
              32.7815888
            ],
            [
              51.6110476,
              32.7901395
            ],
            [
              51.6097344,
              32.7918495
            ],
            [
              51.6086787,
              32.7938193
            ],
            [
              51.6077774,
              32.7958972
            ],
            [
              51.607211,
              32.7979535
            ],
            [
              51.607101,
              32.799139
            ],
            [
              51.6064642,
              32.8060048
            ],
            [
              51.5754622,
              32.8201795
            ],
            [
              51.5746125,
              32.8203959
            ],
            [
              51.574003,
              32.8202961
            ],
            [
              51.572128,
              32.8193481
            ],
            [
              51.550829,
              32.8087758
            ],
            [
              51.5503404,
              32.8086376
            ],
            [
              51.5496253,
              32.8085639
            ],
            [
              51.5481214,
              32.8085506
            ],
            [
              51.5387438,
              32.8093365
            ]
          ]
        ]
      },
      "id": "relation/12382668"
    },
    {
      "type": "Feature",
      "properties": {
        "@id": "relation/12382981",
        "admin_level": "9",
        "alt_name:en": "Rehnan",
        "alt_name:fa": "رهنان",
        "boundary": "administrative",
        "name": "منطقه ۱۱",
        "name:de": "11. Bezirk",
        "name:en": "District 11",
        "name:fa": "منطقه ۱۱",
        "official_name:fa": "منطقه ۱۱ شهر اصفهان",
        "place": "suburb",
        "source": "https://map.isfahan.ir/home/portal?district_no=11",
        "type": "boundary",
        "url": "https://mun11.isfahan.ir/",
        "wikidata": "Q9384664",
        "wikipedia": "fa:رهنان"
      },
      "geometry": {
        "type": "Polygon",
        "coordinates": [
          [
            [
              51.5916766,
              32.7033079
            ],
            [
              51.5902438,
              32.7033033
            ],
            [
              51.5902646,
              32.7023746
            ],
            [
              51.5903035,
              32.7018672
            ],
            [
              51.5903619,
              32.7013708
            ],
            [
              51.5903953,
              32.7010426
            ],
            [
              51.590655,
              32.7002364
            ],
            [
              51.5894319,
              32.6997597
            ],
            [
              51.5898053,
              32.6992396
            ],
            [
              51.5894834,
              32.698929
            ],
            [
              51.5886594,
              32.6980587
            ],
            [
              51.58799,
              32.697647
            ],
            [
              51.5864836,
              32.6971703
            ],
            [
              51.5865995,
              32.6966936
            ],
            [
              51.587578,
              32.6969211
            ],
            [
              51.5877067,
              32.6966502
            ],
            [
              51.5877325,
              32.6959243
            ],
            [
              51.5872947,
              32.6951117
            ],
            [
              51.5873334,
              32.6946892
            ],
            [
              51.5872175,
              32.6940391
            ],
            [
              51.5867154,
              32.6927389
            ],
            [
              51.5867411,
              32.691547
            ],
            [
              51.58696,
              32.6889249
            ],
            [
              51.5867411,
              32.6882206
            ],
            [
              51.5863163,
              32.6875813
            ],
            [
              51.5853507,
              32.6871262
            ],
            [
              51.5853249,
              32.6863893
            ],
            [
              51.5855458,
              32.686098
            ],
            [
              51.5856682,
              32.6858367
            ],
            [
              51.5857257,
              32.685603
            ],
            [
              51.5861123,
              32.6846717
            ],
            [
              51.5873205,
              32.6850085
            ],
            [
              51.5884019,
              32.6853552
            ],
            [
              51.5897018,
              32.6855266
            ],
            [
              51.5900693,
              32.6836001
            ],
            [
              51.5919658,
              32.6839184
            ],
            [
              51.5921542,
              32.6823659
            ],
            [
              51.5921316,
              32.679202
            ],
            [
              51.5920371,
              32.677932
            ],
            [
              51.5919758,
              32.6778225
            ],
            [
              51.5915287,
              32.677024
            ],
            [
              51.5910203,
              32.676116
            ],
            [
              51.5901719,
              32.6743834
            ],
            [
              51.5882977,
              32.6672515
            ],
            [
              51.5914661,
              32.6684279
            ],
            [
              51.5938608,
              32.6687964
            ],
            [
              51.594968,
              32.6690782
            ],
            [
              51.5964614,
              32.6703787
            ],
            [
              51.5989849,
              32.6712458
            ],
            [
              51.6007588,
              32.6725351
            ],
            [
              51.6009161,
              32.6726546
            ],
            [
              51.602152,
              32.6738467
            ],
            [
              51.6034137,
              32.6742369
            ],
            [
              51.6040317,
              32.6742369
            ],
            [
              51.6050359,
              32.674497
            ],
            [
              51.6055767,
              32.6749738
            ],
            [
              51.6065774,
              32.6751612
            ],
            [
              51.6074193,
              32.675382
            ],
            [
              51.60853,
              32.6754893
            ],
            [
              51.6109152,
              32.6755966
            ],
            [
              51.6126995,
              32.6761023
            ],
            [
              51.6132457,
              32.6764855
            ],
            [
              51.6139194,
              32.6766847
            ],
            [
              51.6144292,
              32.6763628
            ],
            [
              51.6156127,
              32.6770525
            ],
            [
              51.6175791,
              32.6778341
            ],
            [
              51.6184713,
              32.6781713
            ],
            [
              51.6188354,
              32.6779874
            ],
            [
              51.6197458,
              32.6786617
            ],
            [
              51.6207472,
              32.6791368
            ],
            [
              51.6210931,
              32.6791521
            ],
            [
              51.6218578,
              32.6797804
            ],
            [
              51.6224223,
              32.6797804
            ],
            [
              51.6226408,
              32.6801023
            ],
            [
              51.6232416,
              32.6803015
            ],
            [
              51.6243631,
              32.6807465
            ],
            [
              51.6243933,
              32.6807663
            ],
            [
              51.6262299,
              32.681971
            ],
            [
              51.6267364,
              32.6823765
            ],
            [
              51.6267578,
              32.6823937
            ],
            [
              51.6267707,
              32.6825562
            ],
            [
              51.6266033,
              32.6830438
            ],
            [
              51.6266033,
              32.6832606
            ],
            [
              51.6274252,
              32.683923
            ],
            [
              51.6276508,
              32.684376
            ],
            [
              51.6284519,
              32.6848498
            ],
            [
              51.6284736,
              32.6851323
            ],
            [
              51.6282571,
              32.6853237
            ],
            [
              51.6285169,
              32.6855241
            ],
            [
              51.6285523,
              32.68574
            ],
            [
              51.628322,
              32.6860526
            ],
            [
              51.6271744,
              32.6872189
            ],
            [
              51.6260269,
              32.6887132
            ],
            [
              51.6269579,
              32.6893692
            ],
            [
              51.626828,
              32.6896608
            ],
            [
              51.6276291,
              32.6899706
            ],
            [
              51.6279756,
              32.6899341
            ],
            [
              51.6281921,
              32.6896426
            ],
            [
              51.628924,
              32.6912521
            ],
            [
              51.6264178,
              32.6931664
            ],
            [
              51.6229967,
              32.6957794
            ],
            [
              51.6173075,
              32.7001247
            ],
            [
              51.6126722,
              32.7036585
            ],
            [
              51.6059997,
              32.7087452
            ],
            [
              51.6059524,
              32.7087397
            ],
            [
              51.6056937,
              32.7087097
            ],
            [
              51.6048224,
              32.7086086
            ],
            [
              51.6030575,
              32.708489
            ],
            [
              51.6002258,
              32.7080824
            ],
            [
              51.599921,
              32.7079544
            ],
            [
              51.599109,
              32.7074307
            ],
            [
              51.5984747,
              32.7071686
            ],
            [
              51.5974055,
              32.7068417
            ],
            [
              51.5968922,
              32.706504
            ],
            [
              51.5960413,
              32.7059434
            ],
            [
              51.595899,
              32.7057624
            ],
            [
              51.5954809,
              32.7055105
            ],
            [
              51.5950611,
              32.7052712
            ],
            [
              51.5946005,
              32.7050901
            ],
            [
              51.5940338,
              32.7049508
            ],
            [
              51.5915751,
              32.7046574
            ],
            [
              51.5916766,
              32.7033079
            ]
          ]
        ]
      },
      "id": "relation/12382981"
    },
    {
      "type": "Feature",
      "properties": {
        "@id": "relation/12383148",
        "admin_level": "9",
        "boundary": "administrative",
        "name": "منطقه ۱۰",
        "name:de": "10. Bezirk",
        "name:en": "District 10",
        "name:fa": "منطقه ۱۰",
        "official_name:fa": "منطقه ۱۰ شهر اصفهان",
        "place": "suburb",
        "source": "https://map.isfahan.ir/home/portal?district_no=10",
        "type": "boundary",
        "url": "https://mun10.isfahan.ir/"
      },
      "geometry": {
        "type": "Polygon",
        "coordinates": [
          [
            [
              51.7291362,
              32.6667369
            ],
            [
              51.7302651,
              32.6670281
            ],
            [
              51.7309023,
              32.6662158
            ],
            [
              51.7312665,
              32.6656793
            ],
            [
              51.7318195,
              32.6658477
            ],
            [
              51.7321222,
              32.6659399
            ],
            [
              51.7327231,
              32.6663537
            ],
            [
              51.7333785,
              32.6669975
            ],
            [
              51.7347987,
              32.6671354
            ],
            [
              51.7356337,
              32.6670223
            ],
            [
              51.7357819,
              32.6670281
            ],
            [
              51.7384948,
              32.6676412
            ],
            [
              51.7385809,
              32.6676519
            ],
            [
              51.7389864,
              32.6677025
            ],
            [
              51.7408254,
              32.6679018
            ],
            [
              51.7413716,
              32.6688214
            ],
            [
              51.7437568,
              32.6695265
            ],
            [
              51.7439315,
              32.6696756
            ],
            [
              51.7446489,
              32.6703388
            ],
            [
              51.7467792,
              32.6710898
            ],
            [
              51.7477078,
              32.6719174
            ],
            [
              51.7491644,
              32.6725918
            ],
            [
              51.7493465,
              32.6730056
            ],
            [
              51.7496924,
              32.6732508
            ],
            [
              51.7474529,
              32.6788754
            ],
            [
              51.7486347,
              32.6805495
            ],
            [
              51.7489459,
              32.6809903
            ],
            [
              51.7486,
              32.6811742
            ],
            [
              51.7484179,
              32.6816033
            ],
            [
              51.7585546,
              32.6998001
            ],
            [
              51.759707,
              32.7020969
            ],
            [
              51.7601692,
              32.7023144
            ],
            [
              51.7614125,
              32.7028899
            ],
            [
              51.7626675,
              32.7035068
            ],
            [
              51.7672916,
              32.7058707
            ],
            [
              51.7675433,
              32.7059841
            ],
            [
              51.7677468,
              32.7060697
            ],
            [
              51.7681625,
              32.7061012
            ],
            [
              51.7686958,
              32.7060952
            ],
            [
              51.7702575,
              32.7059968
            ],
            [
              51.7697732,
              32.7127188
            ],
            [
              51.7680466,
              32.7123048
            ],
            [
              51.7657636,
              32.7116647
            ],
            [
              51.7634062,
              32.710922
            ],
            [
              51.7617337,
              32.7103589
            ],
            [
              51.7590318,
              32.7093443
            ],
            [
              51.7545223,
              32.7076645
            ],
            [
              51.7493451,
              32.7056586
            ],
            [
              51.7476259,
              32.7050017
            ],
            [
              51.7401167,
              32.7021306
            ],
            [
              51.7373142,
              32.7010302
            ],
            [
              51.7357734,
              32.7004695
            ],
            [
              51.7340073,
              32.6998269
            ],
            [
              51.7325475,
              32.6993534
            ],
            [
              51.7310094,
              32.6988801
            ],
            [
              51.727999,
              32.6980649
            ],
            [
              51.7256697,
              32.6975548
            ],
            [
              51.7226629,
              32.6969612
            ],
            [
              51.721276,
              32.6967467
            ],
            [
              51.7192183,
              32.6964441
            ],
            [
              51.7179247,
              32.6963184
            ],
            [
              51.7159746,
              32.6961297
            ],
            [
              51.7137884,
              32.6959471
            ],
            [
              51.7111149,
              32.695731
            ],
            [
              51.709774,
              32.6956094
            ],
            [
              51.7081953,
              32.6954699
            ],
            [
              51.7063964,
              32.6952975
            ],
            [
              51.7038929,
              32.6950835
            ],
            [
              51.6995003,
              32.6911437
            ],
            [
              51.6972486,
              32.6891482
            ],
            [
              51.6952423,
              32.6874676
            ],
            [
              51.6932104,
              32.6857994
            ],
            [
              51.6908612,
              32.6838729
            ],
            [
              51.6902561,
              32.6834143
            ],
            [
              51.6896241,
              32.6826807
            ],
            [
              51.6890319,
              32.6815754
            ],
            [
              51.6882495,
              32.6780596
            ],
            [
              51.6893699,
              32.6779638
            ],
            [
              51.6900636,
              32.6778137
            ],
            [
              51.6906517,
              32.6776094
            ],
            [
              51.6909783,
              32.6774632
            ],
            [
              51.6917516,
              32.6769734
            ],
            [
              51.6955098,
              32.6745113
            ],
            [
              51.6962434,
              32.6740394
            ],
            [
              51.6969851,
              32.6735799
            ],
            [
              51.6982725,
              32.6727152
            ],
            [
              51.6987741,
              32.6723585
            ],
            [
              51.6992165,
              32.6719147
            ],
            [
              51.7010584,
              32.6695773
            ],
            [
              51.7015106,
              32.668923
            ],
            [
              51.701792,
              32.66832
            ],
            [
              51.70197,
              32.6677761
            ],
            [
              51.7020679,
              32.6675041
            ],
            [
              51.7021088,
              32.6671913
            ],
            [
              51.7021184,
              32.6671225
            ],
            [
              51.7021979,
              32.6666957
            ],
            [
              51.7022472,
              32.6662058
            ],
            [
              51.7022797,
              32.6658309
            ],
            [
              51.7022843,
              32.6655654
            ],
            [
              51.702332,
              32.6646082
            ],
            [
              51.7022659,
              32.6638385
            ],
            [
              51.7172241,
              32.6592157
            ],
            [
              51.7227454,
              32.6574786
            ],
            [
              51.7232734,
              32.6580151
            ],
            [
              51.7235101,
              32.6587969
            ],
            [
              51.723674,
              32.6592721
            ],
            [
              51.7240381,
              32.6592261
            ],
            [
              51.724202,
              32.6596553
            ],
            [
              51.7245661,
              32.6595787
            ],
            [
              51.7249121,
              32.6602991
            ],
            [
              51.7250942,
              32.660805
            ],
            [
              51.7253126,
              32.6609429
            ],
            [
              51.7256404,
              32.6616787
            ],
            [
              51.725604,
              32.6621845
            ],
            [
              51.7261138,
              32.6631502
            ],
            [
              51.7271698,
              32.66384
            ],
            [
              51.7275704,
              32.6640852
            ],
            [
              51.7273883,
              32.6645297
            ],
            [
              51.7278435,
              32.6648669
            ],
            [
              51.7280802,
              32.6653421
            ],
            [
              51.7278253,
              32.6658326
            ],
            [
              51.7282258,
              32.6661085
            ],
            [
              51.7291362,
              32.6667369
            ]
          ]
        ]
      },
      "id": "relation/12383148"
    },
    {
      "type": "Feature",
      "properties": {
        "@id": "relation/12383149",
        "admin_level": "9",
        "boundary": "administrative",
        "name": "منطقه ۹",
        "name:de": "9. Bezirk",
        "name:en": "District 9",
        "name:fa": "منطقه ۹",
        "official_name:fa": "منطقه ۹ شهر اصفهان",
        "place": "suburb",
        "source": "https://map.isfahan.ir/home/portal?district_no=19",
        "type": "boundary",
        "url": "https://mun9.isfahan.ir/"
      },
      "geometry": {
        "type": "Polygon",
        "coordinates": [
          [
            [
              51.6431313,
              32.6464696
            ],
            [
              51.6433613,
              32.6469316
            ],
            [
              51.6434796,
              32.6473384
            ],
            [
              51.6434956,
              32.6479913
            ],
            [
              51.643534,
              32.6507641
            ],
            [
              51.6435618,
              32.6525946
            ],
            [
              51.6435427,
              32.6556897
            ],
            [
              51.6435401,
              32.6559143
            ],
            [
              51.6435106,
              32.6597698
            ],
            [
              51.6434753,
              32.6634728
            ],
            [
              51.625354,
              32.6643706
            ],
            [
              51.6247741,
              32.6643253
            ],
            [
              51.6235569,
              32.6644435
            ],
            [
              51.6221495,
              32.6645711
            ],
            [
              51.6209153,
              32.6647716
            ],
            [
              51.619378,
              32.6653731
            ],
            [
              51.6179273,
              32.6661387
            ],
            [
              51.6157404,
              32.6676516
            ],
            [
              51.615026,
              32.6681965
            ],
            [
              51.6111284,
              32.6711694
            ],
            [
              51.6065774,
              32.6751612
            ],
            [
              51.6055767,
              32.6749738
            ],
            [
              51.6050359,
              32.674497
            ],
            [
              51.6040317,
              32.6742369
            ],
            [
              51.6034137,
              32.6742369
            ],
            [
              51.602152,
              32.6738467
            ],
            [
              51.6009161,
              32.6726546
            ],
            [
              51.6007588,
              32.6725351
            ],
            [
              51.5989849,
              32.6712458
            ],
            [
              51.5964614,
              32.6703787
            ],
            [
              51.594968,
              32.6690782
            ],
            [
              51.5938608,
              32.6687964
            ],
            [
              51.5914661,
              32.6684279
            ],
            [
              51.5882977,
              32.6672515
            ],
            [
              51.587606,
              32.6671009
            ],
            [
              51.5867782,
              32.6666629
            ],
            [
              51.5862256,
              32.66628
            ],
            [
              51.58656,
              32.6655416
            ],
            [
              51.5866175,
              32.6652471
            ],
            [
              51.5856894,
              32.6649318
            ],
            [
              51.585193,
              32.664598
            ],
            [
              51.5846509,
              32.663975
            ],
            [
              51.5840684,
              32.6629447
            ],
            [
              51.5839004,
              32.6630372
            ],
            [
              51.5822573,
              32.6635443
            ],
            [
              51.5815431,
              32.6635573
            ],
            [
              51.575964,
              32.6642372
            ],
            [
              51.5735716,
              32.657987
            ],
            [
              51.5725323,
              32.6580782
            ],
            [
              51.5716229,
              32.6583698
            ],
            [
              51.5713171,
              32.6550638
            ],
            [
              51.5707377,
              32.6551061
            ],
            [
              51.5706062,
              32.6551783
            ],
            [
              51.5703714,
              32.6551573
            ],
            [
              51.5702799,
              32.6550278
            ],
            [
              51.5702812,
              32.6545796
            ],
            [
              51.5698627,
              32.6544787
            ],
            [
              51.5698068,
              32.6541774
            ],
            [
              51.5694859,
              32.6541083
            ],
            [
              51.5685475,
              32.6542181
            ],
            [
              51.5683653,
              32.6527173
            ],
            [
              51.5684796,
              32.6522556
            ],
            [
              51.5695094,
              32.6522349
            ],
            [
              51.5699631,
              32.6508591
            ],
            [
              51.5700604,
              32.6505254
            ],
            [
              51.5685655,
              32.6497115
            ],
            [
              51.5678706,
              32.649453
            ],
            [
              51.5674539,
              32.6492916
            ],
            [
              51.5668614,
              32.6490225
            ],
            [
              51.5660968,
              32.6487288
            ],
            [
              51.565453,
              32.648512
            ],
            [
              51.5642918,
              32.6482097
            ],
            [
              51.564356,
              32.6457447
            ],
            [
              51.5642345,
              32.6454911
            ],
            [
              51.5645249,
              32.6449574
            ],
            [
              51.5658367,
              32.6405777
            ],
            [
              51.5627983,
              32.6394069
            ],
            [
              51.5614594,
              32.6384528
            ],
            [
              51.561913,
              32.6365724
            ],
            [
              51.5619685,
              32.6368237
            ],
            [
              51.5624626,
              32.63757
            ],
            [
              51.5632694,
              32.6378519
            ],
            [
              51.5656469,
              32.6387771
            ],
            [
              51.5663164,
              32.6392179
            ],
            [
              51.5672262,
              32.639854
            ],
            [
              51.5707023,
              32.6418199
            ],
            [
              51.5719812,
              32.6423041
            ],
            [
              51.5729769,
              32.6423041
            ],
            [
              51.5743931,
              32.6418777
            ],
            [
              51.5754488,
              32.6416247
            ],
            [
              51.5766247,
              32.6418054
            ],
            [
              51.5770648,
              32.6419998
            ],
            [
              51.577852,
              32.6423475
            ],
            [
              51.5791481,
              32.6428317
            ],
            [
              51.5807188,
              32.6429257
            ],
            [
              51.5818346,
              32.6432075
            ],
            [
              51.5838688,
              32.6441471
            ],
            [
              51.5856197,
              32.6445879
            ],
            [
              51.586581,
              32.6445301
            ],
            [
              51.5873621,
              32.6439808
            ],
            [
              51.5878979,
              32.643096
            ],
            [
              51.5885895,
              32.642586
            ],
            [
              51.5894772,
              32.6420697
            ],
            [
              51.5906102,
              32.6418529
            ],
            [
              51.5915972,
              32.6421565
            ],
            [
              51.592653,
              32.6427925
            ],
            [
              51.596709,
              32.6405117
            ],
            [
              51.5981682,
              32.6398829
            ],
            [
              51.6001852,
              32.6386542
            ],
            [
              51.6008375,
              32.6386036
            ],
            [
              51.6013782,
              32.6387698
            ],
            [
              51.6027687,
              32.6395215
            ],
            [
              51.6041591,
              32.6399768
            ],
            [
              51.6051805,
              32.6400853
            ],
            [
              51.6065452,
              32.63976
            ],
            [
              51.6073349,
              32.6397383
            ],
            [
              51.6090687,
              32.639536
            ],
            [
              51.6155918,
              32.6387554
            ],
            [
              51.6179124,
              32.6391834
            ],
            [
              51.6197419,
              32.6389324
            ],
            [
              51.6227132,
              32.6378298
            ],
            [
              51.6266296,
              32.6376206
            ],
            [
              51.6299341,
              32.6366665
            ],
            [
              51.6310839,
              32.6366261
            ],
            [
              51.6320982,
              32.6365905
            ],
            [
              51.6334875,
              32.6361895
            ],
            [
              51.6345346,
              32.6363341
            ],
            [
              51.6359681,
              32.6375232
            ],
            [
              51.6366888,
              32.6378741
            ],
            [
              51.6385944,
              32.6399407
            ],
            [
              51.6402311,
              32.6403622
            ],
            [
              51.6404692,
              32.6419091
            ],
            [
              51.6406545,
              32.642548
            ],
            [
              51.6406827,
              32.6427894
            ],
            [
              51.6412171,
              32.6441707
            ],
            [
              51.6419199,
              32.6452163
            ],
            [
              51.6427677,
              32.6460558
            ],
            [
              51.6431313,
              32.6464696
            ]
          ]
        ]
      },
      "id": "relation/12383149"
    },
    {
      "type": "Feature",
      "properties": {
        "@id": "relation/12383192",
        "admin_level": "9",
        "boundary": "administrative",
        "name": "منطقه ۸",
        "name:de": "8. Bezirk",
        "name:en": "District 8",
        "name:fa": "منطقه ۸",
        "official_name:fa": "منطقه ۸ شهر اصفهان",
        "place": "suburb",
        "source": "https://map.isfahan.ir/home/portal?district_no=8",
        "type": "boundary",
        "url": "https://mun8.isfahan.ir/"
      },
      "geometry": {
        "type": "Polygon",
        "coordinates": [
          [
            [
              51.6572703,
              32.6738941
            ],
            [
              51.6712126,
              32.6719123
            ],
            [
              51.6721835,
              32.6791436
            ],
            [
              51.6730919,
              32.6859019
            ],
            [
              51.6740701,
              32.6931937
            ],
            [
              51.6743372,
              32.6951782
            ],
            [
              51.6752711,
              32.7018909
            ],
            [
              51.675572,
              32.7046776
            ],
            [
              51.676051,
              32.7079405
            ],
            [
              51.6762663,
              32.7094147
            ],
            [
              51.6762384,
              32.711231
            ],
            [
              51.6761156,
              32.7120198
            ],
            [
              51.6759916,
              32.7132067
            ],
            [
              51.675677,
              32.7132009
            ],
            [
              51.6741806,
              32.7133091
            ],
            [
              51.6729989,
              32.7134158
            ],
            [
              51.6698745,
              32.7137475
            ],
            [
              51.667031,
              32.7140152
            ],
            [
              51.6613307,
              32.7145457
            ],
            [
              51.6603201,
              32.7146319
            ],
            [
              51.6586391,
              32.7147729
            ],
            [
              51.6579379,
              32.7148317
            ],
            [
              51.6442544,
              32.7160644
            ],
            [
              51.6423408,
              32.7162151
            ],
            [
              51.6327443,
              32.7156019
            ],
            [
              51.6312639,
              32.7155407
            ],
            [
              51.62969,
              32.7154067
            ],
            [
              51.6253641,
              32.71519
            ],
            [
              51.6230467,
              32.7149017
            ],
            [
              51.6219505,
              32.7147095
            ],
            [
              51.6126163,
              32.7122969
            ],
            [
              51.6109265,
              32.7118501
            ],
            [
              51.6064272,
              32.7106526
            ],
            [
              51.6061157,
              32.7105698
            ],
            [
              51.6052809,
              32.7103438
            ],
            [
              51.6052033,
              32.7103228
            ],
            [
              51.6048584,
              32.7102294
            ],
            [
              51.6047136,
              32.7101141
            ],
            [
              51.6046292,
              32.710047
            ],
            [
              51.6044526,
              32.7099064
            ],
            [
              51.6059997,
              32.7087452
            ],
            [
              51.6126722,
              32.7036585
            ],
            [
              51.6173075,
              32.7001247
            ],
            [
              51.6229967,
              32.6957794
            ],
            [
              51.6264178,
              32.6931664
            ],
            [
              51.628924,
              32.6912521
            ],
            [
              51.6365012,
              32.6854567
            ],
            [
              51.6365066,
              32.6854505
            ],
            [
              51.6366859,
              32.6853149
            ],
            [
              51.6427719,
              32.6806421
            ],
            [
              51.644001,
              32.6796984
            ],
            [
              51.6450414,
              32.6788995
            ],
            [
              51.6494647,
              32.6755907
            ],
            [
              51.6505098,
              32.6750909
            ],
            [
              51.6517556,
              32.6747171
            ],
            [
              51.6521958,
              32.6746124
            ],
            [
              51.6550782,
              32.674175
            ],
            [
              51.6572703,
              32.6738941
            ]
          ]
        ]
      },
      "id": "relation/12383192"
    },
    {
      "type": "Feature",
      "properties": {
        "@id": "relation/12383535",
        "admin_level": "9",
        "boundary": "administrative",
        "name": "منطقه ۷",
        "name:de": "7. Bezirk",
        "name:en": "District 7",
        "name:fa": "منطقه ۷",
        "official_name:fa": "منطقه ۷ شهر اصفهان",
        "place": "suburb",
        "source": "https://map.isfahan.ir/home/portal?district_no=7",
        "type": "boundary",
        "url": "https://mun7.isfahan.ir/"
      },
      "geometry": {
        "type": "Polygon",
        "coordinates": [
          [
            [
              51.7082027,
              32.749689
            ],
            [
              51.705367,
              32.7497018
            ],
            [
              51.7050316,
              32.749753
            ],
            [
              51.6912148,
              32.7531206
            ],
            [
              51.6800693,
              32.7558101
            ],
            [
              51.6751165,
              32.7570034
            ],
            [
              51.6712559,
              32.7579336
            ],
            [
              51.66257,
              32.7604509
            ],
            [
              51.6563685,
              32.7627719
            ],
            [
              51.6516505,
              32.7645475
            ],
            [
              51.6470661,
              32.7652638
            ],
            [
              51.641017,
              32.7662275
            ],
            [
              51.6407866,
              32.766229
            ],
            [
              51.6337783,
              32.7644955
            ],
            [
              51.6400154,
              32.757296
            ],
            [
              51.6559795,
              32.7392591
            ],
            [
              51.6563932,
              32.7386731
            ],
            [
              51.6567986,
              32.7378929
            ],
            [
              51.6570101,
              32.7368005
            ],
            [
              51.6570801,
              32.7358414
            ],
            [
              51.6571542,
              32.7341038
            ],
            [
              51.6573261,
              32.7335331
            ],
            [
              51.6576065,
              32.732936
            ],
            [
              51.6580321,
              32.7324112
            ],
            [
              51.6583507,
              32.7321146
            ],
            [
              51.6585878,
              32.7319291
            ],
            [
              51.659016,
              32.7316957
            ],
            [
              51.6597582,
              32.7313616
            ],
            [
              51.6627853,
              32.7303346
            ],
            [
              51.6636861,
              32.7299642
            ],
            [
              51.6644282,
              32.729517
            ],
            [
              51.6654751,
              32.7285314
            ],
            [
              51.6659036,
              32.7281028
            ],
            [
              51.6661678,
              32.7278386
            ],
            [
              51.6663616,
              32.7276236
            ],
            [
              51.6666588,
              32.727294
            ],
            [
              51.6699237,
              32.7235755
            ],
            [
              51.6704768,
              32.7229456
            ],
            [
              51.6735667,
              32.7191112
            ],
            [
              51.6745194,
              32.7174431
            ],
            [
              51.6753691,
              32.715385
            ],
            [
              51.6759916,
              32.7132067
            ],
            [
              51.6761156,
              32.7120198
            ],
            [
              51.6762384,
              32.711231
            ],
            [
              51.6762663,
              32.7094147
            ],
            [
              51.676051,
              32.7079405
            ],
            [
              51.675572,
              32.7046776
            ],
            [
              51.6752711,
              32.7018909
            ],
            [
              51.6743372,
              32.6951782
            ],
            [
              51.6740701,
              32.6931937
            ],
            [
              51.6730919,
              32.6859019
            ],
            [
              51.6721835,
              32.6791436
            ],
            [
              51.6712126,
              32.6719123
            ],
            [
              51.6718087,
              32.6723193
            ],
            [
              51.6720294,
              32.6724696
            ],
            [
              51.6722182,
              32.6725982
            ],
            [
              51.6722911,
              32.6726478
            ],
            [
              51.6734296,
              32.6734231
            ],
            [
              51.6750804,
              32.6750387
            ],
            [
              51.677307,
              32.6771705
            ],
            [
              51.6778076,
              32.6776073
            ],
            [
              51.6785899,
              32.6780775
            ],
            [
              51.6791606,
              32.6782889
            ],
            [
              51.6801348,
              32.6785435
            ],
            [
              51.6842388,
              32.6782988
            ],
            [
              51.6882495,
              32.6780596
            ],
            [
              51.6890319,
              32.6815754
            ],
            [
              51.6896241,
              32.6826807
            ],
            [
              51.6902561,
              32.6834143
            ],
            [
              51.6908612,
              32.6838729
            ],
            [
              51.6932104,
              32.6857994
            ],
            [
              51.6952423,
              32.6874676
            ],
            [
              51.6972486,
              32.6891482
            ],
            [
              51.6995003,
              32.6911437
            ],
            [
              51.7038929,
              32.6950835
            ],
            [
              51.6989885,
              32.6946564
            ],
            [
              51.697145,
              32.6944958
            ],
            [
              51.6900882,
              32.6938758
            ],
            [
              51.6906976,
              32.697137
            ],
            [
              51.6909176,
              32.698403
            ],
            [
              51.6909379,
              32.6998131
            ],
            [
              51.6914482,
              32.7013449
            ],
            [
              51.6915706,
              32.702265
            ],
            [
              51.6916719,
              32.7028978
            ],
            [
              51.6916755,
              32.7029312
            ],
            [
              51.6918991,
              32.7049959
            ],
            [
              51.6919395,
              32.7052593
            ],
            [
              51.6920434,
              32.7062523
            ],
            [
              51.6922818,
              32.7081064
            ],
            [
              51.6926241,
              32.7099743
            ],
            [
              51.6927882,
              32.7112187
            ],
            [
              51.6932274,
              32.7118147
            ],
            [
              51.6913652,
              32.7163286
            ],
            [
              51.6959222,
              32.7177711
            ],
            [
              51.6980479,
              32.7184406
            ],
            [
              51.704326,
              32.7204264
            ],
            [
              51.7079362,
              32.7335052
            ],
            [
              51.708377,
              32.7343932
            ],
            [
              51.7086864,
              32.7359934
            ],
            [
              51.7084914,
              32.7371641
            ],
            [
              51.7080937,
              32.7396371
            ],
            [
              51.7082027,
              32.749689
            ]
          ]
        ]
      },
      "id": "relation/12383535"
    },
    {
      "type": "Feature",
      "properties": {
        "@id": "relation/12383794",
        "admin_level": "9",
        "boundary": "administrative",
        "name": "منطقه ۶",
        "name:de": "6. Bezirk",
        "name:en": "District 6",
        "name:fa": "منطقه ۶",
        "official_name:fa": "منطقه ۶ شهر اصفهان",
        "place": "suburb",
        "source": "https://map.isfahan.ir/home/portal?district_no=6",
        "type": "boundary",
        "url": "https://mun6.isfahan.ir/"
      },
      "geometry": {
        "type": "Polygon",
        "coordinates": [
          [
            [
              51.6893885,
              32.6385022
            ],
            [
              51.6866001,
              32.6378412
            ],
            [
              51.6842923,
              32.6370969
            ],
            [
              51.6834517,
              32.6368258
            ],
            [
              51.6803539,
              32.6364651
            ],
            [
              51.6799768,
              32.6364883
            ],
            [
              51.6796627,
              32.6366467
            ],
            [
              51.6777675,
              32.6380477
            ],
            [
              51.677691,
              32.6381043
            ],
            [
              51.6744664,
              32.6403037
            ],
            [
              51.6731914,
              32.6411874
            ],
            [
              51.6715765,
              32.6427447
            ],
            [
              51.6695608,
              32.6440982
            ],
            [
              51.668592,
              32.6444377
            ],
            [
              51.6675038,
              32.6446693
            ],
            [
              51.6672484,
              32.642504
            ],
            [
              51.6663556,
              32.6357214
            ],
            [
              51.666006,
              32.6332038
            ],
            [
              51.6651703,
              32.6271863
            ],
            [
              51.66517,
              32.6271813
            ],
            [
              51.664611,
              32.6231583
            ],
            [
              51.6644894,
              32.622211
            ],
            [
              51.6643931,
              32.6214252
            ],
            [
              51.6635952,
              32.6153931
            ],
            [
              51.6629115,
              32.6102236
            ],
            [
              51.6627431,
              32.6088178
            ],
            [
              51.6627253,
              32.6084576
            ],
            [
              51.663034,
              32.6075281
            ],
            [
              51.6632309,
              32.6071199
            ],
            [
              51.6635915,
              32.6063724
            ],
            [
              51.6649728,
              32.6042419
            ],
            [
              51.6662368,
              32.6023839
            ],
            [
              51.6682243,
              32.5986156
            ],
            [
              51.6686989,
              32.5975837
            ],
            [
              51.6691123,
              32.5961648
            ],
            [
              51.6691725,
              32.5941229
            ],
            [
              51.6692449,
              32.592045
            ],
            [
              51.6693352,
              32.5892382
            ],
            [
              51.669361,
              32.58888
            ],
            [
              51.6695284,
              32.5855933
            ],
            [
              51.669715,
              32.5847398
            ],
            [
              51.6699146,
              32.5835756
            ],
            [
              51.6704682,
              32.5820026
            ],
            [
              51.6712021,
              32.5803536
            ],
            [
              51.6729273,
              32.5771207
            ],
            [
              51.6740229,
              32.5753251
            ],
            [
              51.678117,
              32.5678388
            ],
            [
              51.6811949,
              32.5622622
            ],
            [
              51.6822463,
              32.5603573
            ],
            [
              51.6888837,
              32.5486582
            ],
            [
              51.6927979,
              32.5416814
            ],
            [
              51.6971495,
              32.5426798
            ],
            [
              51.7001879,
              32.5439388
            ],
            [
              51.714041,
              32.5499946
            ],
            [
              51.7306234,
              32.5569615
            ],
            [
              51.7369835,
              32.5597394
            ],
            [
              51.738384,
              32.5604729
            ],
            [
              51.7397481,
              32.5614948
            ],
            [
              51.7409174,
              32.5627358
            ],
            [
              51.7421083,
              32.5646336
            ],
            [
              51.7426712,
              32.5664219
            ],
            [
              51.7437322,
              32.5690131
            ],
            [
              51.7446199,
              32.5704729
            ],
            [
              51.7466769,
              32.572699
            ],
            [
              51.7482575,
              32.5739215
            ],
            [
              51.7491669,
              32.5743047
            ],
            [
              51.7508558,
              32.5748338
            ],
            [
              51.7507043,
              32.5758009
            ],
            [
              51.749535,
              32.577662
            ],
            [
              51.7494268,
              32.5781911
            ],
            [
              51.7503362,
              32.5841572
            ],
            [
              51.7518474,
              32.5859259
            ],
            [
              51.7582505,
              32.5934201
            ],
            [
              51.7611419,
              32.5968039
            ],
            [
              51.7618149,
              32.5973474
            ],
            [
              51.7625603,
              32.5978021
            ],
            [
              51.7630894,
              32.5980401
            ],
            [
              51.764181,
              32.5984692
            ],
            [
              51.7650088,
              32.5986947
            ],
            [
              51.7648506,
              32.5992382
            ],
            [
              51.7647905,
              32.6007928
            ],
            [
              51.7641296,
              32.6015882
            ],
            [
              51.7636747,
              32.6018702
            ],
            [
              51.7631512,
              32.6017617
            ],
            [
              51.7627392,
              32.6014074
            ],
            [
              51.7623347,
              32.6011955
            ],
            [
              51.7621021,
              32.6011781
            ],
            [
              51.761898,
              32.6012339
            ],
            [
              51.7615032,
              32.6014508
            ],
            [
              51.7609024,
              32.6021594
            ],
            [
              51.7602844,
              32.6031645
            ],
            [
              51.7593746,
              32.6039671
            ],
            [
              51.7585936,
              32.604719
            ],
            [
              51.757967,
              32.6059121
            ],
            [
              51.757555,
              32.6063097
            ],
            [
              51.7571602,
              32.6066929
            ],
            [
              51.7567739,
              32.6074738
            ],
            [
              51.7560873,
              32.6084426
            ],
            [
              51.7553663,
              32.6093536
            ],
            [
              51.7544994,
              32.6100477
            ],
            [
              51.7531519,
              32.6107129
            ],
            [
              51.7523279,
              32.6117468
            ],
            [
              51.7509289,
              32.6127806
            ],
            [
              51.7489204,
              32.6138
            ],
            [
              51.7486629,
              32.614335
            ],
            [
              51.7490749,
              32.6156797
            ],
            [
              51.7491436,
              32.6169738
            ],
            [
              51.7489376,
              32.617798
            ],
            [
              51.748929,
              32.6183329
            ],
            [
              51.7483797,
              32.6190992
            ],
            [
              51.7482319,
              32.619435
            ],
            [
              51.7479334,
              32.6198728
            ],
            [
              51.7470493,
              32.6202415
            ],
            [
              51.7465873,
              32.6201768
            ],
            [
              51.7461052,
              32.6199378
            ],
            [
              51.7454529,
              32.6191571
            ],
            [
              51.7448263,
              32.6185715
            ],
            [
              51.7440023,
              32.6180871
            ],
            [
              51.7435131,
              32.6180365
            ],
            [
              51.7425346,
              32.6172413
            ],
            [
              51.7414703,
              32.6168943
            ],
            [
              51.7393619,
              32.616865
            ],
            [
              51.7389689,
              32.6169566
            ],
            [
              51.7386084,
              32.6170594
            ],
            [
              51.7384511,
              32.6172062
            ],
            [
              51.7383128,
              32.6174553
            ],
            [
              51.7380371,
              32.6188607
            ],
            [
              51.7378713,
              32.6191381
            ],
            [
              51.7378319,
              32.6193718
            ],
            [
              51.7381402,
              32.6197072
            ],
            [
              51.7384144,
              32.6197435
            ],
            [
              51.7388372,
              32.6202577
            ],
            [
              51.7390044,
              32.6205988
            ],
            [
              51.739122,
              32.6209133
            ],
            [
              51.7390483,
              32.621052
            ],
            [
              51.7388121,
              32.6211994
            ],
            [
              51.7385543,
              32.6213522
            ],
            [
              51.7383351,
              32.6215514
            ],
            [
              51.7378423,
              32.6218422
            ],
            [
              51.7375669,
              32.6221141
            ],
            [
              51.7372252,
              32.6223234
            ],
            [
              51.7367051,
              32.6224373
            ],
            [
              51.7362261,
              32.6224825
            ],
            [
              51.7358457,
              32.6224013
            ],
            [
              51.7353767,
              32.6222537
            ],
            [
              51.7346733,
              32.6222139
            ],
            [
              51.7340933,
              32.621906
            ],
            [
              51.7334077,
              32.6217283
            ],
            [
              51.7316798,
              32.6216237
            ],
            [
              51.7296265,
              32.6220316
            ],
            [
              51.7288887,
              32.6220665
            ],
            [
              51.7278833,
              32.6222439
            ],
            [
              51.7272095,
              32.6225253
            ],
            [
              51.7267753,
              32.6226222
            ],
            [
              51.7262685,
              32.6227822
            ],
            [
              51.7253931,
              32.6230935
            ],
            [
              51.7249298,
              32.623283
            ],
            [
              51.7247014,
              32.6233154
            ],
            [
              51.7243738,
              32.6233266
            ],
            [
              51.7225781,
              32.6236333
            ],
            [
              51.7220934,
              32.6238372
            ],
            [
              51.721978,
              32.6238857
            ],
            [
              51.7201548,
              32.6249202
            ],
            [
              51.717391,
              32.6254985
            ],
            [
              51.7169311,
              32.6257101
            ],
            [
              51.716198,
              32.626272
            ],
            [
              51.7155578,
              32.6275677
            ],
            [
              51.7151447,
              32.6279022
            ],
            [
              51.7146359,
              32.6281327
            ],
            [
              51.7125576,
              32.628569
            ],
            [
              51.710803,
              32.6290317
            ],
            [
              51.709383,
              32.6297851
            ],
            [
              51.7089261,
              32.6305739
            ],
            [
              51.7081814,
              32.6318596
            ],
            [
              51.7050234,
              32.6335428
            ],
            [
              51.6998339,
              32.636401
            ],
            [
              51.6993794,
              32.6367853
            ],
            [
              51.6984554,
              32.6374573
            ],
            [
              51.6960776,
              32.6385782
            ],
            [
              51.6941484,
              32.6389806
            ],
            [
              51.6938858,
              32.6390354
            ],
            [
              51.6925401,
              32.6391116
            ],
            [
              51.6913023,
              32.6389559
            ],
            [
              51.6908039,
              32.6388378
            ],
            [
              51.6893885,
              32.6385022
            ]
          ]
        ]
      },
      "id": "relation/12383794"
    },
    {
      "type": "Feature",
      "properties": {
        "@id": "relation/12383816",
        "admin_level": "9",
        "boundary": "administrative",
        "name": "منطقه ۵",
        "name:de": "5. Bezirk",
        "name:en": "District 5",
        "name:fa": "منطقه ۵",
        "official_name:fa": "منطقه ۵ شهر اصفهان",
        "place": "suburb",
        "source": "https://map.isfahan.ir/home/portal?district_no=5",
        "type": "boundary",
        "url": "https://mun5.isfahan.ir/"
      },
      "geometry": {
        "type": "Polygon",
        "coordinates": [
          [
            [
              51.6663556,
              32.6357214
            ],
            [
              51.6672484,
              32.642504
            ],
            [
              51.6675038,
              32.6446693
            ],
            [
              51.6670355,
              32.6444521
            ],
            [
              51.6639,
              32.6435578
            ],
            [
              51.6588548,
              32.6432484
            ],
            [
              51.6568297,
              32.6430315
            ],
            [
              51.6543688,
              32.6427741
            ],
            [
              51.653252,
              32.6425883
            ],
            [
              51.6508618,
              32.6422216
            ],
            [
              51.6486892,
              32.6417713
            ],
            [
              51.645602,
              32.6414167
            ],
            [
              51.6437781,
              32.6411276
            ],
            [
              51.643313,
              32.6410272
            ],
            [
              51.6402311,
              32.6403622
            ],
            [
              51.6395402,
              32.6401292
            ],
            [
              51.6388455,
              32.6399791
            ],
            [
              51.6381897,
              32.6395996
            ],
            [
              51.6371343,
              32.6384963
            ],
            [
              51.6365871,
              32.6379067
            ],
            [
              51.6351199,
              32.6366938
            ],
            [
              51.6345942,
              32.6362692
            ],
            [
              51.6334958,
              32.6361416
            ],
            [
              51.6322392,
              32.6365956
            ],
            [
              51.6310839,
              32.6366261
            ],
            [
              51.6310528,
              32.6352249
            ],
            [
              51.6285818,
              32.635164
            ],
            [
              51.6272069,
              32.634945
            ],
            [
              51.6267425,
              32.6346946
            ],
            [
              51.6265953,
              32.6345147
            ],
            [
              51.6264957,
              32.6340455
            ],
            [
              51.6262944,
              32.6303763
            ],
            [
              51.6262549,
              32.6295417
            ],
            [
              51.626017,
              32.6245085
            ],
            [
              51.6260307,
              32.6236502
            ],
            [
              51.6260723,
              32.622983
            ],
            [
              51.6260533,
              32.6209853
            ],
            [
              51.6259993,
              32.6172479
            ],
            [
              51.6262045,
              32.6164803
            ],
            [
              51.6262573,
              32.6162104
            ],
            [
              51.6262252,
              32.6118271
            ],
            [
              51.6261894,
              32.604323
            ],
            [
              51.6261294,
              32.6036949
            ],
            [
              51.6268934,
              32.5682835
            ],
            [
              51.6286489,
              32.5676956
            ],
            [
              51.6278123,
              32.5332389
            ],
            [
              51.6326016,
              32.5291142
            ],
            [
              51.6335544,
              32.5279635
            ],
            [
              51.6346101,
              32.5263136
            ],
            [
              51.6409186,
              32.5163914
            ],
            [
              51.6416654,
              32.5153709
            ],
            [
              51.6427983,
              32.5146544
            ],
            [
              51.6442145,
              32.5141116
            ],
            [
              51.6461972,
              32.5135904
            ],
            [
              51.669732,
              32.5077711
            ],
            [
              51.6713799,
              32.5072282
            ],
            [
              51.6724614,
              32.5064247
            ],
            [
              51.6739034,
              32.5054258
            ],
            [
              51.6751136,
              32.5048829
            ],
            [
              51.6768903,
              32.5046441
            ],
            [
              51.6778173,
              32.5046658
            ],
            [
              51.6794909,
              32.5051652
            ],
            [
              51.6807269,
              32.5061859
            ],
            [
              51.6815766,
              32.5073585
            ],
            [
              51.6820401,
              32.5086179
            ],
            [
              51.6819886,
              32.5098122
            ],
            [
              51.6814221,
              32.5113539
            ],
            [
              51.6800832,
              32.5126568
            ],
            [
              51.6782035,
              32.5135036
            ],
            [
              51.6750363,
              32.5140464
            ],
            [
              51.6717919,
              32.5146761
            ],
            [
              51.6691913,
              32.5156532
            ],
            [
              51.6673373,
              32.5168691
            ],
            [
              51.6657924,
              32.5187798
            ],
            [
              51.6629085,
              32.5224273
            ],
            [
              51.6621875,
              32.5237734
            ],
            [
              51.6620587,
              32.5247504
            ],
            [
              51.6620587,
              32.5254886
            ],
            [
              51.6626767,
              32.5268129
            ],
            [
              51.6663589,
              32.5346065
            ],
            [
              51.6674661,
              32.5358005
            ],
            [
              51.6691913,
              32.5363866
            ],
            [
              51.6726417,
              32.5370812
            ],
            [
              51.6927979,
              32.5416814
            ],
            [
              51.6888837,
              32.5486582
            ],
            [
              51.6822463,
              32.5603573
            ],
            [
              51.6811949,
              32.5622622
            ],
            [
              51.678117,
              32.5678388
            ],
            [
              51.6740229,
              32.5753251
            ],
            [
              51.6729273,
              32.5771207
            ],
            [
              51.6712021,
              32.5803536
            ],
            [
              51.6704682,
              32.5820026
            ],
            [
              51.6699146,
              32.5835756
            ],
            [
              51.669715,
              32.5847398
            ],
            [
              51.6695284,
              32.5855933
            ],
            [
              51.669361,
              32.58888
            ],
            [
              51.6693352,
              32.5892382
            ],
            [
              51.6692449,
              32.592045
            ],
            [
              51.6691725,
              32.5941229
            ],
            [
              51.6691123,
              32.5961648
            ],
            [
              51.6686989,
              32.5975837
            ],
            [
              51.6682243,
              32.5986156
            ],
            [
              51.6662368,
              32.6023839
            ],
            [
              51.6649728,
              32.6042419
            ],
            [
              51.6635915,
              32.6063724
            ],
            [
              51.6632309,
              32.6071199
            ],
            [
              51.663034,
              32.6075281
            ],
            [
              51.6627253,
              32.6084576
            ],
            [
              51.6627431,
              32.6088178
            ],
            [
              51.6629115,
              32.6102236
            ],
            [
              51.6635952,
              32.6153931
            ],
            [
              51.6643931,
              32.6214252
            ],
            [
              51.6644894,
              32.622211
            ],
            [
              51.664611,
              32.6231583
            ],
            [
              51.66517,
              32.6271813
            ],
            [
              51.6651703,
              32.6271863
            ],
            [
              51.666006,
              32.6332038
            ],
            [
              51.6663556,
              32.6357214
            ]
          ]
        ]
      },
      "id": "relation/12383816"
    },
    {
      "type": "Feature",
      "properties": {
        "@id": "relation/12383867",
        "admin_level": "9",
        "boundary": "administrative",
        "name": "منطقه ۴",
        "name:de": "4. Bezirk",
        "name:en": "District 4",
        "name:fa": "منطقه ۴",
        "official_name:fa": "منطقه ۴ شهر اصفهان",
        "place": "suburb",
        "source": "https://map.isfahan.ir/home/portal?district_no=4",
        "type": "boundary",
        "url": "https://mun4.isfahan.ir/"
      },
      "geometry": {
        "type": "Polygon",
        "coordinates": [
          [
            [
              51.7022659,
              32.6638385
            ],
            [
              51.7021617,
              32.6632162
            ],
            [
              51.7019695,
              32.662591
            ],
            [
              51.7014548,
              32.6609021
            ],
            [
              51.7007477,
              32.6587708
            ],
            [
              51.700702,
              32.6586295
            ],
            [
              51.6995027,
              32.655034
            ],
            [
              51.6985741,
              32.6522502
            ],
            [
              51.6980598,
              32.6507082
            ],
            [
              51.6969279,
              32.6473258
            ],
            [
              51.6946937,
              32.6406162
            ],
            [
              51.6945344,
              32.6401379
            ],
            [
              51.6941484,
              32.6389806
            ],
            [
              51.6960776,
              32.6385782
            ],
            [
              51.6984554,
              32.6374573
            ],
            [
              51.6993794,
              32.6367853
            ],
            [
              51.6998339,
              32.636401
            ],
            [
              51.7050234,
              32.6335428
            ],
            [
              51.7081814,
              32.6318596
            ],
            [
              51.7089261,
              32.6305739
            ],
            [
              51.709383,
              32.6297851
            ],
            [
              51.710803,
              32.6290317
            ],
            [
              51.7125576,
              32.628569
            ],
            [
              51.7146359,
              32.6281327
            ],
            [
              51.7151447,
              32.6279022
            ],
            [
              51.7155578,
              32.6275677
            ],
            [
              51.716198,
              32.626272
            ],
            [
              51.7169311,
              32.6257101
            ],
            [
              51.717391,
              32.6254985
            ],
            [
              51.7201548,
              32.6249202
            ],
            [
              51.721978,
              32.6238857
            ],
            [
              51.7220934,
              32.6238372
            ],
            [
              51.7225781,
              32.6236333
            ],
            [
              51.7243738,
              32.6233266
            ],
            [
              51.7247014,
              32.6233154
            ],
            [
              51.7249298,
              32.623283
            ],
            [
              51.7253931,
              32.6230935
            ],
            [
              51.7262685,
              32.6227822
            ],
            [
              51.7267753,
              32.6226222
            ],
            [
              51.7272095,
              32.6225253
            ],
            [
              51.7278833,
              32.6222439
            ],
            [
              51.7288887,
              32.6220665
            ],
            [
              51.7296265,
              32.6220316
            ],
            [
              51.7316798,
              32.6216237
            ],
            [
              51.7334077,
              32.6217283
            ],
            [
              51.7340933,
              32.621906
            ],
            [
              51.7346733,
              32.6222139
            ],
            [
              51.7353767,
              32.6222537
            ],
            [
              51.7358457,
              32.6224013
            ],
            [
              51.7362261,
              32.6224825
            ],
            [
              51.7367051,
              32.6224373
            ],
            [
              51.7372252,
              32.6223234
            ],
            [
              51.7375669,
              32.6221141
            ],
            [
              51.7378423,
              32.6218422
            ],
            [
              51.7383351,
              32.6215514
            ],
            [
              51.7385543,
              32.6213522
            ],
            [
              51.7388121,
              32.6211994
            ],
            [
              51.7390483,
              32.621052
            ],
            [
              51.739122,
              32.6209133
            ],
            [
              51.7390044,
              32.6205988
            ],
            [
              51.7388372,
              32.6202577
            ],
            [
              51.7384144,
              32.6197435
            ],
            [
              51.7381402,
              32.6197072
            ],
            [
              51.7378319,
              32.6193718
            ],
            [
              51.7378713,
              32.6191381
            ],
            [
              51.7380371,
              32.6188607
            ],
            [
              51.7383128,
              32.6174553
            ],
            [
              51.7384511,
              32.6172062
            ],
            [
              51.7386084,
              32.6170594
            ],
            [
              51.7389689,
              32.6169566
            ],
            [
              51.7393619,
              32.616865
            ],
            [
              51.7414703,
              32.6168943
            ],
            [
              51.7425346,
              32.6172413
            ],
            [
              51.7435131,
              32.6180365
            ],
            [
              51.7440023,
              32.6180871
            ],
            [
              51.7448263,
              32.6185715
            ],
            [
              51.7454529,
              32.6191571
            ],
            [
              51.7461052,
              32.6199378
            ],
            [
              51.7465873,
              32.6201768
            ],
            [
              51.7470493,
              32.6202415
            ],
            [
              51.7479334,
              32.6198728
            ],
            [
              51.7482319,
              32.619435
            ],
            [
              51.7483797,
              32.6190992
            ],
            [
              51.748929,
              32.6183329
            ],
            [
              51.7489376,
              32.617798
            ],
            [
              51.7491436,
              32.6169738
            ],
            [
              51.7490749,
              32.6156797
            ],
            [
              51.7486629,
              32.614335
            ],
            [
              51.7489204,
              32.6138
            ],
            [
              51.7509289,
              32.6127806
            ],
            [
              51.7523279,
              32.6117468
            ],
            [
              51.7531519,
              32.6107129
            ],
            [
              51.7544994,
              32.6100477
            ],
            [
              51.7553663,
              32.6093536
            ],
            [
              51.7560873,
              32.6084426
            ],
            [
              51.7567739,
              32.6074738
            ],
            [
              51.7571602,
              32.6066929
            ],
            [
              51.757555,
              32.6063097
            ],
            [
              51.757967,
              32.6059121
            ],
            [
              51.7585936,
              32.604719
            ],
            [
              51.7593746,
              32.6039671
            ],
            [
              51.7602844,
              32.6031645
            ],
            [
              51.7609024,
              32.6021594
            ],
            [
              51.7615032,
              32.6014508
            ],
            [
              51.761898,
              32.6012339
            ],
            [
              51.7621021,
              32.6011781
            ],
            [
              51.7623347,
              32.6011955
            ],
            [
              51.7627392,
              32.6014074
            ],
            [
              51.7631512,
              32.6017617
            ],
            [
              51.7636747,
              32.6018702
            ],
            [
              51.7641296,
              32.6015882
            ],
            [
              51.7647905,
              32.6007928
            ],
            [
              51.7648506,
              32.5992382
            ],
            [
              51.7650088,
              32.5986947
            ],
            [
              51.7650824,
              32.5984717
            ],
            [
              51.7653141,
              32.5979366
            ],
            [
              51.7654686,
              32.5968881
            ],
            [
              51.7655716,
              32.5964253
            ],
            [
              51.7658033,
              32.5958179
            ],
            [
              51.7659664,
              32.59529
            ],
            [
              51.7666359,
              32.5944657
            ],
            [
              51.766799,
              32.594133
            ],
            [
              51.767108,
              32.5938583
            ],
            [
              51.7675629,
              32.5934533
            ],
            [
              51.7680521,
              32.5928748
            ],
            [
              51.7688246,
              32.5915297
            ],
            [
              51.7693052,
              32.5902353
            ],
            [
              51.7696743,
              32.5889047
            ],
            [
              51.7697844,
              32.5873354
            ],
            [
              51.7700949,
              32.5868291
            ],
            [
              51.7703352,
              32.5860047
            ],
            [
              51.7703755,
              32.5858053
            ],
            [
              51.770524,
              32.5850718
            ],
            [
              51.7705584,
              32.5843486
            ],
            [
              51.7710991,
              32.5831408
            ],
            [
              51.7717342,
              32.5822946
            ],
            [
              51.7722836,
              32.5817667
            ],
            [
              51.7729959,
              32.5815569
            ],
            [
              51.7734852,
              32.5812821
            ],
            [
              51.7737427,
              32.5810651
            ],
            [
              51.773983,
              32.5804215
            ],
            [
              51.7738151,
              32.5799597
            ],
            [
              51.7743644,
              32.5792075
            ],
            [
              51.7746477,
              32.5789833
            ],
            [
              51.7748966,
              32.578911
            ],
            [
              51.7753343,
              32.5788025
            ],
            [
              51.7764759,
              32.5785204
            ],
            [
              51.7772398,
              32.5781877
            ],
            [
              51.7775917,
              32.5780575
            ],
            [
              51.7778148,
              32.5779563
            ],
            [
              51.7780637,
              32.5776959
            ],
            [
              51.7782182,
              32.5773632
            ],
            [
              51.7784586,
              32.577139
            ],
            [
              51.7788019,
              32.5769148
            ],
            [
              51.7790165,
              32.576705
            ],
            [
              51.7792139,
              32.5762349
            ],
            [
              51.7793426,
              32.5756346
            ],
            [
              51.779437,
              32.5753236
            ],
            [
              51.7796259,
              32.5749909
            ],
            [
              51.7798662,
              32.5744412
            ],
            [
              51.7801164,
              32.5738145
            ],
            [
              51.7822737,
              32.5744881
            ],
            [
              51.7843336,
              32.5748786
            ],
            [
              51.7853894,
              32.574922
            ],
            [
              51.7866768,
              32.5745532
            ],
            [
              51.7891487,
              32.5733814
            ],
            [
              51.7993969,
              32.5676527
            ],
            [
              51.8019976,
              32.5661988
            ],
            [
              51.8044438,
              32.565461
            ],
            [
              51.8108811,
              32.5649401
            ],
            [
              51.8136105,
              32.5648533
            ],
            [
              51.8159794,
              32.5650921
            ],
            [
              51.8183483,
              32.5659167
            ],
            [
              51.8232407,
              32.568065
            ],
            [
              51.8402094,
              32.5760287
            ],
            [
              51.8458742,
              32.5787626
            ],
            [
              51.8452229,
              32.5799017
            ],
            [
              51.8450009,
              32.5806324
            ],
            [
              51.847566,
              32.5866927
            ],
            [
              51.8479008,
              32.5884284
            ],
            [
              51.8475918,
              32.5920514
            ],
            [
              51.8487763,
              32.6002081
            ],
            [
              51.8487763,
              32.601488
            ],
            [
              51.8477307,
              32.6045681
            ],
            [
              51.8452486,
              32.6116827
            ],
            [
              51.8448366,
              32.6182761
            ],
            [
              51.8449396,
              32.6198593
            ],
            [
              51.8462013,
              32.6273629
            ],
            [
              51.8471283,
              32.6328276
            ],
            [
              51.8470253,
              32.6348009
            ],
            [
              51.8460726,
              32.637121
            ],
            [
              51.8389143,
              32.6475502
            ],
            [
              51.8361238,
              32.6504347
            ],
            [
              51.8343916,
              32.652039
            ],
            [
              51.8320691,
              32.653789
            ],
            [
              51.8298222,
              32.6538064
            ],
            [
              51.8297088,
              32.6538922
            ],
            [
              51.8296069,
              32.6540819
            ],
            [
              51.8293601,
              32.6543123
            ],
            [
              51.8290222,
              32.6544749
            ],
            [
              51.8287915,
              32.6545155
            ],
            [
              51.8285447,
              32.6544839
            ],
            [
              51.828298,
              32.6544207
            ],
            [
              51.8279064,
              32.6542716
            ],
            [
              51.8274826,
              32.6541361
            ],
            [
              51.8270051,
              32.6540413
            ],
            [
              51.8265384,
              32.6538877
            ],
            [
              51.8262612,
              32.6538578
            ],
            [
              51.8154927,
              32.6549138
            ],
            [
              51.8139735,
              32.6548958
            ],
            [
              51.8114758,
              32.6547007
            ],
            [
              51.8090423,
              32.6542439
            ],
            [
              51.8086177,
              32.6541153
            ],
            [
              51.7985389,
              32.6512436
            ],
            [
              51.7888938,
              32.6485853
            ],
            [
              51.7893574,
              32.647287
            ],
            [
              51.7897783,
              32.6458721
            ],
            [
              51.7898868,
              32.6447085
            ],
            [
              51.789866,
              32.6430624
            ],
            [
              51.7897684,
              32.6427213
            ],
            [
              51.7895882,
              32.6416805
            ],
            [
              51.7893265,
              32.6406055
            ],
            [
              51.787629,
              32.6363411
            ],
            [
              51.7852108,
              32.6368019
            ],
            [
              51.7823012,
              32.6396424
            ],
            [
              51.7810494,
              32.6372106
            ],
            [
              51.7814081,
              32.6369389
            ],
            [
              51.781156,
              32.636592
            ],
            [
              51.7808103,
              32.6367461
            ],
            [
              51.7767312,
              32.6288214
            ],
            [
              51.7748339,
              32.6251353
            ],
            [
              51.7674181,
              32.6274124
            ],
            [
              51.7666971,
              32.6259811
            ],
            [
              51.7679074,
              32.625504
            ],
            [
              51.7671091,
              32.6235305
            ],
            [
              51.7657482,
              32.6202937
            ],
            [
              51.7612641,
              32.6211883
            ],
            [
              51.7610323,
              32.6204726
            ],
            [
              51.7529986,
              32.6227715
            ],
            [
              51.7524321,
              32.6230534
            ],
            [
              51.7515309,
              32.6242679
            ],
            [
              51.7510464,
              32.6250058
            ],
            [
              51.7505118,
              32.62582
            ],
            [
              51.7484409,
              32.6289738
            ],
            [
              51.7481577,
              32.6301014
            ],
            [
              51.7438061,
              32.6296026
            ],
            [
              51.7409222,
              32.6294291
            ],
            [
              51.7394507,
              32.6296012
            ],
            [
              51.737755,
              32.6297761
            ],
            [
              51.7355148,
              32.6298629
            ],
            [
              51.7341501,
              32.6297544
            ],
            [
              51.7326309,
              32.6291689
            ],
            [
              51.7320337,
              32.6296905
            ],
            [
              51.7319357,
              32.6297761
            ],
            [
              51.731943,
              32.6298029
            ],
            [
              51.7320902,
              32.6303399
            ],
            [
              51.7331974,
              32.6314242
            ],
            [
              51.7326567,
              32.6317495
            ],
            [
              51.7332747,
              32.6325084
            ],
            [
              51.7336352,
              32.6323349
            ],
            [
              51.7342016,
              32.6328771
            ],
            [
              51.7352059,
              32.6341998
            ],
            [
              51.7385533,
              32.6385799
            ],
            [
              51.7403557,
              32.640011
            ],
            [
              51.7397377,
              32.6405964
            ],
            [
              51.7409222,
              32.6417239
            ],
            [
              51.7402285,
              32.6431092
            ],
            [
              51.7379095,
              32.6477948
            ],
            [
              51.7370855,
              32.6476647
            ],
            [
              51.7355921,
              32.6473611
            ],
            [
              51.7354891,
              32.6477731
            ],
            [
              51.7369504,
              32.6486132
            ],
            [
              51.7373173,
              32.6488571
            ],
            [
              51.7376263,
              32.649139
            ],
            [
              51.7378323,
              32.6502447
            ],
            [
              51.736537,
              32.6504306
            ],
            [
              51.7347724,
              32.6506999
            ],
            [
              51.7340639,
              32.6508638
            ],
            [
              51.7335837,
              32.6511552
            ],
            [
              51.7323219,
              32.651784
            ],
            [
              51.7308027,
              32.6522175
            ],
            [
              51.7277128,
              32.6525211
            ],
            [
              51.7253954,
              32.652933
            ],
            [
              51.7238505,
              32.6534316
            ],
            [
              51.7229492,
              32.6538002
            ],
            [
              51.7221768,
              32.6543855
            ],
            [
              51.7243654,
              32.656987
            ],
            [
              51.7227454,
              32.6574786
            ],
            [
              51.7172241,
              32.6592157
            ],
            [
              51.7022659,
              32.6638385
            ]
          ]
        ]
      },
      "id": "relation/12383867"
    },
    {
      "type": "Feature",
      "properties": {
        "@id": "relation/12383876",
        "admin_level": "9",
        "boundary": "administrative",
        "name": "منطقه ۳",
        "name:de": "3. Bezirk",
        "name:en": "District 3",
        "name:fa": "منطقه ۳",
        "official_name:fa": "منطقه ۳ شهر اصفهان",
        "place": "suburb",
        "source": "https://map.isfahan.ir/home/portal?district_no=3",
        "type": "boundary",
        "url": "https://mun3.isfahan.ir/"
      },
      "geometry": {
        "type": "Polygon",
        "coordinates": [
          [
            [
              51.6917516,
              32.6769734
            ],
            [
              51.6909783,
              32.6774632
            ],
            [
              51.6906517,
              32.6776094
            ],
            [
              51.6900636,
              32.6778137
            ],
            [
              51.6893699,
              32.6779638
            ],
            [
              51.6882495,
              32.6780596
            ],
            [
              51.6842388,
              32.6782988
            ],
            [
              51.6801348,
              32.6785435
            ],
            [
              51.6791606,
              32.6782889
            ],
            [
              51.6785899,
              32.6780775
            ],
            [
              51.6778076,
              32.6776073
            ],
            [
              51.677307,
              32.6771705
            ],
            [
              51.6750804,
              32.6750387
            ],
            [
              51.6734296,
              32.6734231
            ],
            [
              51.6722911,
              32.6726478
            ],
            [
              51.6722182,
              32.6725982
            ],
            [
              51.6720294,
              32.6724696
            ],
            [
              51.6718087,
              32.6723193
            ],
            [
              51.6712126,
              32.6719123
            ],
            [
              51.6709437,
              32.6699535
            ],
            [
              51.6703156,
              32.6653767
            ],
            [
              51.6692163,
              32.657367
            ],
            [
              51.6686895,
              32.6534609
            ],
            [
              51.6683915,
              32.6512515
            ],
            [
              51.6680436,
              32.6486715
            ],
            [
              51.6677406,
              32.6464252
            ],
            [
              51.6675038,
              32.6446693
            ],
            [
              51.668592,
              32.6444377
            ],
            [
              51.6695608,
              32.6440982
            ],
            [
              51.6715765,
              32.6427447
            ],
            [
              51.6731914,
              32.6411874
            ],
            [
              51.6744664,
              32.6403037
            ],
            [
              51.677691,
              32.6381043
            ],
            [
              51.6777675,
              32.6380477
            ],
            [
              51.6796627,
              32.6366467
            ],
            [
              51.6799768,
              32.6364883
            ],
            [
              51.6803539,
              32.6364651
            ],
            [
              51.6834517,
              32.6368258
            ],
            [
              51.6842923,
              32.6370969
            ],
            [
              51.6866001,
              32.6378412
            ],
            [
              51.6893885,
              32.6385022
            ],
            [
              51.6908039,
              32.6388378
            ],
            [
              51.6913023,
              32.6389559
            ],
            [
              51.6925401,
              32.6391116
            ],
            [
              51.6938858,
              32.6390354
            ],
            [
              51.6941484,
              32.6389806
            ],
            [
              51.6945344,
              32.6401379
            ],
            [
              51.6946937,
              32.6406162
            ],
            [
              51.6969279,
              32.6473258
            ],
            [
              51.6980598,
              32.6507082
            ],
            [
              51.6985741,
              32.6522502
            ],
            [
              51.6995027,
              32.655034
            ],
            [
              51.700702,
              32.6586295
            ],
            [
              51.7007477,
              32.6587708
            ],
            [
              51.7014548,
              32.6609021
            ],
            [
              51.7019695,
              32.662591
            ],
            [
              51.7021617,
              32.6632162
            ],
            [
              51.7022659,
              32.6638385
            ],
            [
              51.702332,
              32.6646082
            ],
            [
              51.7022843,
              32.6655654
            ],
            [
              51.7022797,
              32.6658309
            ],
            [
              51.7022472,
              32.6662058
            ],
            [
              51.7021979,
              32.6666957
            ],
            [
              51.7021184,
              32.6671225
            ],
            [
              51.7021088,
              32.6671913
            ],
            [
              51.7020679,
              32.6675041
            ],
            [
              51.70197,
              32.6677761
            ],
            [
              51.701792,
              32.66832
            ],
            [
              51.7015106,
              32.668923
            ],
            [
              51.7010584,
              32.6695773
            ],
            [
              51.6992165,
              32.6719147
            ],
            [
              51.6987741,
              32.6723585
            ],
            [
              51.6982725,
              32.6727152
            ],
            [
              51.6969851,
              32.6735799
            ],
            [
              51.6962434,
              32.6740394
            ],
            [
              51.6955098,
              32.6745113
            ],
            [
              51.6917516,
              32.6769734
            ]
          ]
        ]
      },
      "id": "relation/12383876"
    },
    {
      "type": "Feature",
      "properties": {
        "@id": "relation/12383901",
        "admin_level": "9",
        "boundary": "administrative",
        "name": "منطقه ۲",
        "name:de": "2 Bezirk",
        "name:en": "District 2",
        "name:fa": "منطقه ۲",
        "official_name:fa": "منطقه ۲ شهر اصفهان",
        "place": "suburb",
        "source": "https://map.isfahan.ir/home/portal?district_no=2",
        "type": "boundary",
        "url": "https://mun2.isfahan.ir/"
      },
      "geometry": {
        "type": "MultiPolygon",
        "coordinates": [
          [
            [
              [
                51.5785474,
                32.7189195
              ],
              [
                51.5786102,
                32.7188529
              ],
              [
                51.5793272,
                32.717496
              ],
              [
                51.5801944,
                32.7163409
              ],
              [
                51.5804311,
                32.7164175
              ],
              [
                51.5815417,
                32.7147784
              ],
              [
                51.5826412,
                32.7124251
              ],
              [
                51.584352,
                32.7129889
              ],
              [
                51.5848265,
                32.7118475
              ],
              [
                51.5885432,
                32.7029063
              ],
              [
                51.5894772,
                32.7032137
              ],
              [
                51.5902438,
                32.7033033
              ],
              [
                51.5916766,
                32.7033079
              ],
              [
                51.5915751,
                32.7046574
              ],
              [
                51.5940338,
                32.7049508
              ],
              [
                51.5946005,
                32.7050901
              ],
              [
                51.5950611,
                32.7052712
              ],
              [
                51.5954809,
                32.7055105
              ],
              [
                51.595899,
                32.7057624
              ],
              [
                51.5960413,
                32.7059434
              ],
              [
                51.5968922,
                32.706504
              ],
              [
                51.5974055,
                32.7068417
              ],
              [
                51.5984747,
                32.7071686
              ],
              [
                51.599109,
                32.7074307
              ],
              [
                51.599921,
                32.7079544
              ],
              [
                51.6002258,
                32.7080824
              ],
              [
                51.6030575,
                32.708489
              ],
              [
                51.6048224,
                32.7086086
              ],
              [
                51.6056937,
                32.7087097
              ],
              [
                51.6059524,
                32.7087397
              ],
              [
                51.6059997,
                32.7087452
              ],
              [
                51.6044526,
                32.7099064
              ],
              [
                51.6024968,
                32.7113907
              ],
              [
                51.5989827,
                32.7140575
              ],
              [
                51.596894,
                32.7156425
              ],
              [
                51.5901938,
                32.720727
              ],
              [
                51.589796,
                32.7210289
              ],
              [
                51.5875106,
                32.722763
              ],
              [
                51.5767764,
                32.7309077
              ],
              [
                51.5632241,
                32.7411897
              ],
              [
                51.5619958,
                32.7421077
              ],
              [
                51.559628,
                32.7438772
              ],
              [
                51.5583346,
                32.7448745
              ],
              [
                51.5558842,
                32.7466992
              ],
              [
                51.555337,
                32.7472063
              ],
              [
                51.5542834,
                32.7489605
              ],
              [
                51.5537041,
                32.7509943
              ],
              [
                51.5512289,
                32.7606282
              ],
              [
                51.5505496,
                32.763272
              ],
              [
                51.546645,
                32.778467
              ],
              [
                51.5256383,
                32.7745093
              ],
              [
                51.5276016,
                32.7657201
              ],
              [
                51.5269958,
                32.7590151
              ],
              [
                51.5269636,
                32.7586587
              ],
              [
                51.5273761,
                32.7564369
              ],
              [
                51.5278126,
                32.7562623
              ],
              [
                51.5375151,
                32.7523813
              ],
              [
                51.539678,
                32.7492628
              ],
              [
                51.5429224,
                32.7394737
              ],
              [
                51.5493597,
                32.7352934
              ],
              [
                51.5537628,
                32.7325859
              ],
              [
                51.5565437,
                32.731048
              ],
              [
                51.5567497,
                32.7307231
              ],
              [
                51.5564324,
                32.7292467
              ],
              [
                51.5587239,
                32.7290909
              ],
              [
                51.5591011,
                32.7290541
              ],
              [
                51.5592879,
                32.7277948
              ],
              [
                51.5596771,
                32.722769
              ],
              [
                51.560477,
                32.7227629
              ],
              [
                51.561166,
                32.7227886
              ],
              [
                51.5625286,
                32.7228402
              ],
              [
                51.5647946,
                32.7227114
              ],
              [
                51.5675199,
                32.7247079
              ],
              [
                51.5695562,
                32.7233425
              ],
              [
                51.5700421,
                32.7237209
              ],
              [
                51.5704488,
                32.7235345
              ],
              [
                51.5710986,
                32.7234295
              ],
              [
                51.5716137,
                32.723455
              ],
              [
                51.5732742,
                32.7229205
              ],
              [
                51.5748155,
                32.7222618
              ],
              [
                51.5759286,
                32.7215426
              ],
              [
                51.5766091,
                32.7213721
              ],
              [
                51.5773502,
                32.7207391
              ],
              [
                51.5777499,
                32.7201748
              ],
              [
                51.5778682,
                32.7198148
              ],
              [
                51.5780411,
                32.7194566
              ],
              [
                51.5785474,
                32.7189195
              ]
            ]
          ],
          [
            [
              [
                51.615026,
                32.6681965
              ],
              [
                51.6157404,
                32.6676516
              ],
              [
                51.6179273,
                32.6661387
              ],
              [
                51.619378,
                32.6653731
              ],
              [
                51.6209153,
                32.6647716
              ],
              [
                51.6221495,
                32.6645711
              ],
              [
                51.6235569,
                32.6644435
              ],
              [
                51.6247741,
                32.6643253
              ],
              [
                51.625354,
                32.6643706
              ],
              [
                51.6434753,
                32.6634728
              ],
              [
                51.6436712,
                32.6639265
              ],
              [
                51.6439898,
                32.6646853
              ],
              [
                51.6451359,
                32.6671993
              ],
              [
                51.6458834,
                32.668839
              ],
              [
                51.6460654,
                32.6693525
              ],
              [
                51.6464205,
                32.6698659
              ],
              [
                51.6466878,
                32.6702134
              ],
              [
                51.6498344,
                32.6743029
              ],
              [
                51.6505098,
                32.6750909
              ],
              [
                51.6494647,
                32.6755907
              ],
              [
                51.6450414,
                32.6788995
              ],
              [
                51.644001,
                32.6796984
              ],
              [
                51.6427719,
                32.6806421
              ],
              [
                51.6366859,
                32.6853149
              ],
              [
                51.6365066,
                32.6854505
              ],
              [
                51.6365012,
                32.6854567
              ],
              [
                51.628924,
                32.6912521
              ],
              [
                51.6281921,
                32.6896426
              ],
              [
                51.6279756,
                32.6899341
              ],
              [
                51.6276291,
                32.6899706
              ],
              [
                51.626828,
                32.6896608
              ],
              [
                51.6269579,
                32.6893692
              ],
              [
                51.6260269,
                32.6887132
              ],
              [
                51.6271744,
                32.6872189
              ],
              [
                51.628322,
                32.6860526
              ],
              [
                51.6285523,
                32.68574
              ],
              [
                51.6285169,
                32.6855241
              ],
              [
                51.6282571,
                32.6853237
              ],
              [
                51.6284736,
                32.6851323
              ],
              [
                51.6284519,
                32.6848498
              ],
              [
                51.6276508,
                32.684376
              ],
              [
                51.6274252,
                32.683923
              ],
              [
                51.6266033,
                32.6832606
              ],
              [
                51.6266033,
                32.6830438
              ],
              [
                51.6267707,
                32.6825562
              ],
              [
                51.6267578,
                32.6823937
              ],
              [
                51.6267364,
                32.6823765
              ],
              [
                51.6262299,
                32.681971
              ],
              [
                51.6243933,
                32.6807663
              ],
              [
                51.6243631,
                32.6807465
              ],
              [
                51.6232416,
                32.6803015
              ],
              [
                51.6226408,
                32.6801023
              ],
              [
                51.6224223,
                32.6797804
              ],
              [
                51.6218578,
                32.6797804
              ],
              [
                51.6210931,
                32.6791521
              ],
              [
                51.6207472,
                32.6791368
              ],
              [
                51.6197458,
                32.6786617
              ],
              [
                51.6188354,
                32.6779874
              ],
              [
                51.6184713,
                32.6781713
              ],
              [
                51.6175791,
                32.6778341
              ],
              [
                51.6156127,
                32.6770525
              ],
              [
                51.6144292,
                32.6763628
              ],
              [
                51.6139194,
                32.6766847
              ],
              [
                51.6132457,
                32.6764855
              ],
              [
                51.6126995,
                32.6761023
              ],
              [
                51.6109152,
                32.6755966
              ],
              [
                51.60853,
                32.6754893
              ],
              [
                51.6074193,
                32.675382
              ],
              [
                51.6065774,
                32.6751612
              ],
              [
                51.6111284,
                32.6711694
              ],
              [
                51.615026,
                32.6681965
              ]
            ]
          ]
        ]
      },
      "id": "relation/12383901"
    },
    {
      "type": "Feature",
      "properties": {
        "@id": "relation/12383904",
        "admin_level": "9",
        "boundary": "administrative",
        "name": "منطقه ۱",
        "name:de": "1 Bezirk",
        "name:en": "District 1",
        "name:fa": "منطقه ۱",
        "official_name:fa": "منطقه ۱ شهر اصفهان",
        "place": "suburb",
        "source": "https://map.isfahan.ir/home/portal?district_no=1",
        "type": "boundary",
        "url": "https://mun1.isfahan.ir/"
      },
      "geometry": {
        "type": "Polygon",
        "coordinates": [
          [
            [
              51.6402311,
              32.6403622
            ],
            [
              51.643313,
              32.6410272
            ],
            [
              51.6437781,
              32.6411276
            ],
            [
              51.645602,
              32.6414167
            ],
            [
              51.6486892,
              32.6417713
            ],
            [
              51.6508618,
              32.6422216
            ],
            [
              51.653252,
              32.6425883
            ],
            [
              51.6543688,
              32.6427741
            ],
            [
              51.6568297,
              32.6430315
            ],
            [
              51.6588548,
              32.6432484
            ],
            [
              51.6639,
              32.6435578
            ],
            [
              51.6670355,
              32.6444521
            ],
            [
              51.6675038,
              32.6446693
            ],
            [
              51.6677406,
              32.6464252
            ],
            [
              51.6680436,
              32.6486715
            ],
            [
              51.6683915,
              32.6512515
            ],
            [
              51.6686895,
              32.6534609
            ],
            [
              51.6692163,
              32.657367
            ],
            [
              51.6703156,
              32.6653767
            ],
            [
              51.6709437,
              32.6699535
            ],
            [
              51.6712126,
              32.6719123
            ],
            [
              51.6572703,
              32.6738941
            ],
            [
              51.6550782,
              32.674175
            ],
            [
              51.6521958,
              32.6746124
            ],
            [
              51.6517556,
              32.6747171
            ],
            [
              51.6505098,
              32.6750909
            ],
            [
              51.6498344,
              32.6743029
            ],
            [
              51.6466878,
              32.6702134
            ],
            [
              51.6464205,
              32.6698659
            ],
            [
              51.6460654,
              32.6693525
            ],
            [
              51.6458834,
              32.668839
            ],
            [
              51.6451359,
              32.6671993
            ],
            [
              51.6439898,
              32.6646853
            ],
            [
              51.6436712,
              32.6639265
            ],
            [
              51.6434753,
              32.6634728
            ],
            [
              51.6435106,
              32.6597698
            ],
            [
              51.6435401,
              32.6559143
            ],
            [
              51.6435427,
              32.6556897
            ],
            [
              51.6435618,
              32.6525946
            ],
            [
              51.643534,
              32.6507641
            ],
            [
              51.6434956,
              32.6479913
            ],
            [
              51.6434796,
              32.6473384
            ],
            [
              51.6433613,
              32.6469316
            ],
            [
              51.6431313,
              32.6464696
            ],
            [
              51.6427677,
              32.6460558
            ],
            [
              51.6419199,
              32.6452163
            ],
            [
              51.6412171,
              32.6441707
            ],
            [
              51.6406827,
              32.6427894
            ],
            [
              51.6406545,
              32.642548
            ],
            [
              51.6404692,
              32.6419091
            ],
            [
              51.6402311,
              32.6403622
            ]
          ]
        ]
      },
      "id": "relation/12383904"
    },
    {
      "type": "Feature",
      "properties": {
        "@id": "relation/12399777",
        "admin_level": "9",
        "boundary": "administrative",
        "name": "منطقه ۴ خمینی شهر",
        "name:de": "4. Bezirk",
        "name:en": "Khomeini Shahr District 4",
        "name:fa": "منطقه ۴ خمینی شهر",
        "place": "suburb",
        "source": "https://khomeinishahr.ir/wp-content/uploads/2020/06/image-5.png",
        "type": "boundary"
      },
      "geometry": {
        "type": "Polygon",
        "coordinates": [
          [
            [
              51.4805419,
              32.7298677
            ],
            [
              51.4791842,
              32.7318551
            ],
            [
              51.4760686,
              32.7303389
            ],
            [
              51.4775878,
              32.727068
            ],
            [
              51.4779493,
              32.7257405
            ],
            [
              51.4780255,
              32.7238837
            ],
            [
              51.477768,
              32.7176014
            ],
            [
              51.4778453,
              32.710322
            ],
            [
              51.4780513,
              32.7072237
            ],
            [
              51.4779225,
              32.7041687
            ],
            [
              51.4740859,
              32.6998135
            ],
            [
              51.4722835,
              32.6979066
            ],
            [
              51.4713565,
              32.6966282
            ],
            [
              51.4710217,
              32.6958264
            ],
            [
              51.470687,
              32.6942229
            ],
            [
              51.4707128,
              32.6930527
            ],
            [
              51.4710475,
              32.6921859
            ],
            [
              51.4772788,
              32.6924676
            ],
            [
              51.4778195,
              32.6927493
            ],
            [
              51.4797765,
              32.6947863
            ],
            [
              51.4806262,
              32.695068
            ],
            [
              51.4825316,
              32.695068
            ],
            [
              51.4858533,
              32.6950463
            ],
            [
              51.4878102,
              32.6947646
            ],
            [
              51.4895354,
              32.6943096
            ],
            [
              51.4921876,
              32.6928794
            ],
            [
              51.4954577,
              32.6908207
            ],
            [
              51.5005196,
              32.6870983
            ],
            [
              51.5016375,
              32.6865298
            ],
            [
              51.5026675,
              32.6856413
            ],
            [
              51.5028735,
              32.6854029
            ],
            [
              51.5029083,
              32.6848515
            ],
            [
              51.5029496,
              32.6845128
            ],
            [
              51.5115233,
              32.6955674
            ],
            [
              51.5121671,
              32.6947873
            ],
            [
              51.5212851,
              32.6994533
            ],
            [
              51.5282567,
              32.7034051
            ],
            [
              51.5384334,
              32.7089985
            ],
            [
              51.5429191,
              32.7113808
            ],
            [
              51.5453925,
              32.7127711
            ],
            [
              51.5471685,
              32.7140626
            ],
            [
              51.5508575,
              32.7177261
            ],
            [
              51.5436345,
              32.7261799
            ],
            [
              51.5379439,
              32.7276095
            ],
            [
              51.535987,
              32.7301872
            ],
            [
              51.53506,
              32.7318551
            ],
            [
              51.5332318,
              32.7328731
            ],
            [
              51.5321504,
              32.7328082
            ],
            [
              51.5312491,
              32.7318551
            ],
            [
              51.5305282,
              32.7280428
            ],
            [
              51.5294209,
              32.7279561
            ],
            [
              51.5255071,
              32.7294074
            ],
            [
              51.5244513,
              32.7292125
            ],
            [
              51.5238591,
              32.7278695
            ],
            [
              51.5214644,
              32.7248368
            ],
            [
              51.5194817,
              32.7227356
            ],
            [
              51.5183062,
              32.7203265
            ],
            [
              51.5158436,
              32.7199129
            ],
            [
              51.5136367,
              32.7195078
            ],
            [
              51.5117312,
              32.7187495
            ],
            [
              51.5010196,
              32.7161715
            ],
            [
              51.4986506,
              32.7159332
            ],
            [
              51.4961272,
              32.7165182
            ],
            [
              51.494402,
              32.7184679
            ],
            [
              51.4940415,
              32.7190962
            ],
            [
              51.4919816,
              32.7188579
            ],
            [
              51.4910289,
              32.7184029
            ],
            [
              51.4899474,
              32.7182946
            ],
            [
              51.4849263,
              32.7207426
            ],
            [
              51.4833041,
              32.7229305
            ],
            [
              51.4806262,
              32.7255517
            ],
            [
              51.4824544,
              32.727068
            ],
            [
              51.4805419,
              32.7298677
            ]
          ]
        ]
      },
      "id": "relation/12399777"
    },
    {
      "type": "Feature",
      "properties": {
        "@id": "relation/12399778",
        "admin_level": "9",
        "boundary": "administrative",
        "name": "منطقه ۲ خمینی شهر",
        "name:de": "2 Bezirk",
        "name:en": "Khomeini Shahr District 2",
        "name:fa": "منطقه ۲ خمینی شهر",
        "name:uk": "Хомейнішегр",
        "place": "suburb",
        "source": "https://khomeinishahr.ir/wp-content/uploads/2020/06/image-5.png",
        "type": "boundary"
      },
      "geometry": {
        "type": "Polygon",
        "coordinates": [
          [
            [
              51.5540677,
              32.643148
            ],
            [
              51.561687,
              32.6453041
            ],
            [
              51.5547211,
              32.6559667
            ],
            [
              51.5489678,
              32.6646487
            ],
            [
              51.5475566,
              32.6668876
            ],
            [
              51.5467786,
              32.66771
            ],
            [
              51.5458378,
              32.668304
            ],
            [
              51.5445352,
              32.6693092
            ],
            [
              51.5436306,
              32.6702687
            ],
            [
              51.5405911,
              32.6742436
            ],
            [
              51.5397364,
              32.6754198
            ],
            [
              51.5359956,
              32.6801828
            ],
            [
              51.5303066,
              32.6875811
            ],
            [
              51.5301342,
              32.6877972
            ],
            [
              51.5299618,
              32.6880313
            ],
            [
              51.5217342,
              32.6987082
            ],
            [
              51.5212851,
              32.6994533
            ],
            [
              51.5121671,
              32.6947873
            ],
            [
              51.5115233,
              32.6955674
            ],
            [
              51.5029496,
              32.6845128
            ],
            [
              51.5008231,
              32.6853719
            ],
            [
              51.4993571,
              32.6856013
            ],
            [
              51.4978541,
              32.6849151
            ],
            [
              51.4957984,
              32.6802796
            ],
            [
              51.4970611,
              32.6774784
            ],
            [
              51.499069,
              32.6767281
            ],
            [
              51.5010908,
              32.6760267
            ],
            [
              51.5101091,
              32.6816184
            ],
            [
              51.5111263,
              32.6808721
            ],
            [
              51.5118703,
              32.6814294
            ],
            [
              51.5129637,
              32.6801234
            ],
            [
              51.5142107,
              32.6785169
            ],
            [
              51.5152831,
              32.6771354
            ],
            [
              51.5193536,
              32.6718691
            ],
            [
              51.5195041,
              32.6716013
            ],
            [
              51.5200259,
              32.6709211
            ],
            [
              51.5202656,
              32.6707139
            ],
            [
              51.5254742,
              32.6639502
            ],
            [
              51.5256324,
              32.6637133
            ],
            [
              51.5260807,
              32.6634077
            ],
            [
              51.5270123,
              32.664252
            ],
            [
              51.5276376,
              32.6646163
            ],
            [
              51.5302689,
              32.6661915
            ],
            [
              51.5329469,
              32.6672103
            ],
            [
              51.5360266,
              32.6674565
            ],
            [
              51.536938,
              32.6677088
            ],
            [
              51.537453,
              32.6661048
            ],
            [
              51.5358823,
              32.665823
            ],
            [
              51.536217,
              32.6648909
            ],
            [
              51.5376847,
              32.6651077
            ],
            [
              51.5379422,
              32.6633952
            ],
            [
              51.5379679,
              32.6618344
            ],
            [
              51.5381224,
              32.6604471
            ],
            [
              51.5383799,
              32.6590597
            ],
            [
              51.5387662,
              32.6566317
            ],
            [
              51.5393584,
              32.6545505
            ],
            [
              51.5414956,
              32.6499977
            ],
            [
              51.5446627,
              32.6510384
            ],
            [
              51.544328,
              32.6517105
            ],
            [
              51.5454867,
              32.6521007
            ],
            [
              51.5484994,
              32.6534665
            ],
            [
              51.5488967,
              32.6526505
            ],
            [
              51.550083,
              32.6529938
            ],
            [
              51.5497714,
              32.6504179
            ],
            [
              51.5490916,
              32.6502362
            ],
            [
              51.5490144,
              32.6496725
            ],
            [
              51.5469544,
              32.6480031
            ],
            [
              51.5469544,
              32.6467673
            ],
            [
              51.5467632,
              32.6416938
            ],
            [
              51.5469801,
              32.6411722
            ],
            [
              51.5540677,
              32.643148
            ]
          ]
        ]
      },
      "id": "relation/12399778"
    },
    {
      "type": "Feature",
      "properties": {
        "@id": "relation/12399779",
        "admin_level": "9",
        "boundary": "administrative",
        "name": "منطقه ۱ خمینی شهر",
        "name:de": "1 Bezirk",
        "name:en": "Khomeini Shahr District 1",
        "name:fa": "منطقه ۱ خمینی شهر",
        "place": "suburb",
        "source": "https://khomeinishahr.ir/wp-content/uploads/2020/06/image-5.png",
        "type": "boundary"
      },
      "geometry": {
        "type": "Polygon",
        "coordinates": [
          [
            [
              51.5629037,
              32.6908353
            ],
            [
              51.5631819,
              32.6966084
            ],
            [
              51.5633688,
              32.7030959
            ],
            [
              51.5633972,
              32.7039406
            ],
            [
              51.5634781,
              32.7055041
            ],
            [
              51.5634048,
              32.7074998
            ],
            [
              51.5633437,
              32.7086556
            ],
            [
              51.5619035,
              32.7120925
            ],
            [
              51.5610195,
              32.714024
            ],
            [
              51.5603559,
              32.7157272
            ],
            [
              51.5596771,
              32.722769
            ],
            [
              51.5592879,
              32.7277948
            ],
            [
              51.5591011,
              32.7290541
            ],
            [
              51.5583509,
              32.7277523
            ],
            [
              51.5563872,
              32.7250157
            ],
            [
              51.5538126,
              32.7213736
            ],
            [
              51.5519877,
              32.7189046
            ],
            [
              51.5508575,
              32.7177261
            ],
            [
              51.5471685,
              32.7140626
            ],
            [
              51.5453925,
              32.7127711
            ],
            [
              51.5429191,
              32.7113808
            ],
            [
              51.5384334,
              32.7089985
            ],
            [
              51.5282567,
              32.7034051
            ],
            [
              51.5212851,
              32.6994533
            ],
            [
              51.5217342,
              32.6987082
            ],
            [
              51.5299618,
              32.6880313
            ],
            [
              51.5301342,
              32.6877972
            ],
            [
              51.5303066,
              32.6875811
            ],
            [
              51.5359956,
              32.6801828
            ],
            [
              51.5397364,
              32.6754198
            ],
            [
              51.5405911,
              32.6742436
            ],
            [
              51.5436306,
              32.6702687
            ],
            [
              51.5445352,
              32.6693092
            ],
            [
              51.5458378,
              32.668304
            ],
            [
              51.5467786,
              32.66771
            ],
            [
              51.5475566,
              32.6668876
            ],
            [
              51.5489678,
              32.6646487
            ],
            [
              51.5547211,
              32.6559667
            ],
            [
              51.561687,
              32.6453041
            ],
            [
              51.564356,
              32.6457447
            ],
            [
              51.5642918,
              32.6482097
            ],
            [
              51.5638546,
              32.6583705
            ],
            [
              51.5636324,
              32.6696592
            ],
            [
              51.5636065,
              32.6728838
            ],
            [
              51.5635769,
              32.6748716
            ],
            [
              51.563094,
              32.684396
            ],
            [
              51.5629037,
              32.6908353
            ]
          ]
        ]
      },
      "id": "relation/12399779"
    },
    {
      "type": "Feature",
      "properties": {
        "@id": "relation/12399780",
        "admin_level": "9",
        "boundary": "administrative",
        "name": "منطقه ۳ خمینی شهر",
        "name:de": "3 Bezirk",
        "name:en": "Khomeini Shahr District 3",
        "name:fa": "منطقه ۳ خمینی شهر",
        "place": "suburb",
        "source": "https://khomeinishahr.ir/wp-content/uploads/2020/06/image-5.png",
        "type": "boundary"
      },
      "geometry": {
        "type": "MultiPolygon",
        "coordinates": [
          [
            [
              [
                51.5730804,
                32.6894868
              ],
              [
                51.5718184,
                32.6897014
              ],
              [
                51.5710801,
                32.6900153
              ],
              [
                51.5700352,
                32.6901984
              ],
              [
                51.5685931,
                32.6902341
              ],
              [
                51.5665659,
                32.6906456
              ],
              [
                51.5629037,
                32.6908353
              ],
              [
                51.563094,
                32.684396
              ],
              [
                51.5635769,
                32.6748716
              ],
              [
                51.5689534,
                32.6744449
              ],
              [
                51.5692794,
                32.6744485
              ],
              [
                51.5730476,
                32.6749128
              ],
              [
                51.5764532,
                32.6752583
              ],
              [
                51.5867421,
                32.6767447
              ],
              [
                51.5851945,
                32.673478
              ],
              [
                51.5824452,
                32.6721013
              ],
              [
                51.5796744,
                32.67111
              ],
              [
                51.5772773,
                32.6696274
              ],
              [
                51.5772777,
                32.6684511
              ],
              [
                51.5770975,
                32.6669338
              ],
              [
                51.5764795,
                32.6650913
              ],
              [
                51.5761521,
                32.6645674
              ],
              [
                51.575964,
                32.6642372
              ],
              [
                51.5815431,
                32.6635573
              ],
              [
                51.5822573,
                32.6635443
              ],
              [
                51.5839004,
                32.6630372
              ],
              [
                51.5840684,
                32.6629447
              ],
              [
                51.5846509,
                32.663975
              ],
              [
                51.585193,
                32.664598
              ],
              [
                51.5856894,
                32.6649318
              ],
              [
                51.5866175,
                32.6652471
              ],
              [
                51.58656,
                32.6655416
              ],
              [
                51.5862256,
                32.66628
              ],
              [
                51.5867782,
                32.6666629
              ],
              [
                51.587606,
                32.6671009
              ],
              [
                51.5882977,
                32.6672515
              ],
              [
                51.5901719,
                32.6743834
              ],
              [
                51.5910203,
                32.676116
              ],
              [
                51.5915287,
                32.677024
              ],
              [
                51.5919758,
                32.6778225
              ],
              [
                51.5920371,
                32.677932
              ],
              [
                51.5921316,
                32.679202
              ],
              [
                51.5921542,
                32.6823659
              ],
              [
                51.5919658,
                32.6839184
              ],
              [
                51.5900693,
                32.6836001
              ],
              [
                51.5897018,
                32.6855266
              ],
              [
                51.5884019,
                32.6853552
              ],
              [
                51.5873205,
                32.6850085
              ],
              [
                51.5861123,
                32.6846717
              ],
              [
                51.5857257,
                32.685603
              ],
              [
                51.5856682,
                32.6858367
              ],
              [
                51.5855458,
                32.686098
              ],
              [
                51.5836501,
                32.6861107
              ],
              [
                51.582828,
                32.6862093
              ],
              [
                51.5814357,
                32.6878877
              ],
              [
                51.5787835,
                32.6884945
              ],
              [
                51.5747409,
                32.6892097
              ],
              [
                51.5730804,
                32.6894868
              ]
            ]
          ],
          [
            [
              [
                51.5793459,
                32.714062
              ],
              [
                51.5754761,
                32.7130913
              ],
              [
                51.5704045,
                32.7117619
              ],
              [
                51.5689007,
                32.71129
              ],
              [
                51.569041,
                32.7093631
              ],
              [
                51.5668392,
                32.7090165
              ],
              [
                51.5668907,
                32.7084748
              ],
              [
                51.5656548,
                32.7082365
              ],
              [
                51.5656033,
                32.7077598
              ],
              [
                51.5637493,
                32.7074998
              ],
              [
                51.5634048,
                32.7074998
              ],
              [
                51.5634781,
                32.7055041
              ],
              [
                51.5633972,
                32.7039406
              ],
              [
                51.5646532,
                32.7039517
              ],
              [
                51.5646451,
                32.7047632
              ],
              [
                51.5659846,
                32.7058963
              ],
              [
                51.5680632,
                32.7066068
              ],
              [
                51.5694273,
                32.7068437
              ],
              [
                51.5734727,
                32.7071292
              ],
              [
                51.5821989,
                32.7083716
              ],
              [
                51.5806208,
                32.7114951
              ],
              [
                51.5793459,
                32.714062
              ]
            ]
          ]
        ]
      },
      "id": "relation/12399780"
    },
    {
      "type": "Feature",
      "properties": {
        "@id": "relation/17232171",
        "admin_level": "11",
        "boundary": "administrative",
        "name": "محدودهی پارک ناژ وان منطقه 13",
        "place": "neighbourhood",
        "type": "boundary",
        "@relations": [
          {
            "role": "subarea",
            "rel": 12382638,
            "reltags": {
              "admin_level": "9",
              "boundary": "administrative",
              "name": "منطقه ۱۳",
              "name:de": "13. Bezirk",
              "name:en": "District 13",
              "name:fa": "منطقه ۱۳",
              "official_name:fa": "منطقه ۱۳ شهر اصفهان",
              "place": "suburb",
              "source": "https://map.isfahan.ir/home/portal?district_no=13",
              "type": "boundary",
              "url": "https://mun13.isfahan.ir/"
            }
          }
        ]
      },
      "geometry": {
        "type": "Polygon",
        "coordinates": [
          [
            [
              51.6310528,
              32.6352249
            ],
            [
              51.6310839,
              32.6366261
            ],
            [
              51.6299341,
              32.6366665
            ],
            [
              51.6266296,
              32.6376206
            ],
            [
              51.6227132,
              32.6378298
            ],
            [
              51.6197419,
              32.6389324
            ],
            [
              51.6179124,
              32.6391834
            ],
            [
              51.6155918,
              32.6387554
            ],
            [
              51.6090687,
              32.639536
            ],
            [
              51.6073349,
              32.6397383
            ],
            [
              51.6065452,
              32.63976
            ],
            [
              51.6051805,
              32.6400853
            ],
            [
              51.6041591,
              32.6399768
            ],
            [
              51.6027687,
              32.6395215
            ],
            [
              51.6013782,
              32.6387698
            ],
            [
              51.6008375,
              32.6386036
            ],
            [
              51.6001852,
              32.6386542
            ],
            [
              51.5981682,
              32.6398829
            ],
            [
              51.596709,
              32.6405117
            ],
            [
              51.592653,
              32.6427925
            ],
            [
              51.5915972,
              32.6421565
            ],
            [
              51.5906102,
              32.6418529
            ],
            [
              51.5894772,
              32.6420697
            ],
            [
              51.5885895,
              32.642586
            ],
            [
              51.5878979,
              32.643096
            ],
            [
              51.5873621,
              32.6439808
            ],
            [
              51.586581,
              32.6445301
            ],
            [
              51.5856197,
              32.6445879
            ],
            [
              51.5838688,
              32.6441471
            ],
            [
              51.5818346,
              32.6432075
            ],
            [
              51.5807188,
              32.6429257
            ],
            [
              51.5791481,
              32.6428317
            ],
            [
              51.577852,
              32.6423475
            ],
            [
              51.5770648,
              32.6419998
            ],
            [
              51.5766247,
              32.6418054
            ],
            [
              51.5754488,
              32.6416247
            ],
            [
              51.5743931,
              32.6418777
            ],
            [
              51.5729769,
              32.6423041
            ],
            [
              51.5719812,
              32.6423041
            ],
            [
              51.5707023,
              32.6418199
            ],
            [
              51.5672262,
              32.639854
            ],
            [
              51.5663164,
              32.6392179
            ],
            [
              51.5656469,
              32.6387771
            ],
            [
              51.5632694,
              32.6378519
            ],
            [
              51.5624626,
              32.63757
            ],
            [
              51.5619685,
              32.6368237
            ],
            [
              51.561913,
              32.6365724
            ],
            [
              51.561836,
              32.636016
            ],
            [
              51.5618017,
              32.6355824
            ],
            [
              51.5621279,
              32.6349969
            ],
            [
              51.5626161,
              32.6345078
            ],
            [
              51.5628116,
              32.6342319
            ],
            [
              51.5628918,
              32.6339922
            ],
            [
              51.5627544,
              32.6336019
            ],
            [
              51.5621794,
              32.6329658
            ],
            [
              51.5618704,
              32.6325755
            ],
            [
              51.5616901,
              32.6321056
            ],
            [
              51.5616472,
              32.6311804
            ],
            [
              51.5621349,
              32.6301485
            ],
            [
              51.5621308,
              32.6294392
            ],
            [
              51.562096,
              32.6292797
            ],
            [
              51.5630543,
              32.6292601
            ],
            [
              51.5641165,
              32.6292036
            ],
            [
              51.5646207,
              32.6299875
            ],
            [
              51.5650117,
              32.6299931
            ],
            [
              51.5651143,
              32.6300039
            ],
            [
              51.5651464,
              32.6300886
            ],
            [
              51.5652303,
              32.6303528
            ],
            [
              51.5652604,
              32.6304178
            ],
            [
              51.565298,
              32.6304878
            ],
            [
              51.565353,
              32.6305669
            ],
            [
              51.5653852,
              32.6305962
            ],
            [
              51.5654764,
              32.6306505
            ],
            [
              51.5655689,
              32.6307137
            ],
            [
              51.5656453,
              32.6307758
            ],
            [
              51.5659752,
              32.631323
            ],
            [
              51.5660336,
              32.6314224
            ],
            [
              51.5660731,
              32.6314665
            ],
            [
              51.5661107,
              32.6314823
            ],
            [
              51.5661737,
              32.6314761
            ],
            [
              51.5665399,
              32.6314264
            ],
            [
              51.5666921,
              32.631397
            ],
            [
              51.5668476,
              32.6314128
            ],
            [
              51.5669301,
              32.6314411
            ],
            [
              51.5670562,
              32.6314715
            ],
            [
              51.5671635,
              32.6315506
            ],
            [
              51.5671796,
              32.6318307
            ],
            [
              51.5671527,
              32.6322237
            ],
            [
              51.5670991,
              32.6325716
            ],
            [
              51.5670079,
              32.6327704
            ],
            [
              51.566745,
              32.6329149
            ],
            [
              51.5664661,
              32.6331002
            ],
            [
              51.5662944,
              32.6332402
            ],
            [
              51.5660316,
              32.6335564
            ],
            [
              51.565758,
              32.6339675
            ],
            [
              51.5655595,
              32.6342442
            ],
            [
              51.5655032,
              32.6343278
            ],
            [
              51.5653717,
              32.6344554
            ],
            [
              51.5651357,
              32.6346768
            ],
            [
              51.5648836,
              32.6349027
            ],
            [
              51.5646154,
              32.6350382
            ],
            [
              51.5643042,
              32.6352144
            ],
            [
              51.564036,
              32.6356797
            ],
            [
              51.5645134,
              32.6359823
            ],
            [
              51.5648943,
              32.6362263
            ],
            [
              51.5656292,
              32.6363257
            ],
            [
              51.5680298,
              32.6363663
            ],
            [
              51.5687728,
              32.6365651
            ],
            [
              51.5704894,
              32.6362037
            ],
            [
              51.5709078,
              32.6360411
            ],
            [
              51.5714013,
              32.6358965
            ],
            [
              51.5721846,
              32.6358694
            ],
            [
              51.5724662,
              32.6361585
            ],
            [
              51.57278,
              32.6360365
            ],
            [
              51.5725467,
              32.6357587
            ],
            [
              51.5726645,
              32.635627
            ],
            [
              51.5734237,
              32.6360727
            ],
            [
              51.57359,
              32.6363437
            ],
            [
              51.5733165,
              32.6364612
            ],
            [
              51.5736169,
              32.637123
            ],
            [
              51.573354,
              32.6372517
            ],
            [
              51.5736008,
              32.6381597
            ],
            [
              51.5738797,
              32.6386657
            ],
            [
              51.574569,
              32.6387921
            ],
            [
              51.5754676,
              32.6386521
            ],
            [
              51.5756553,
              32.6392258
            ],
            [
              51.576283,
              32.6397137
            ],
            [
              51.5791047,
              32.6393207
            ],
            [
              51.5787077,
              32.6383449
            ],
            [
              51.5815133,
              32.6381688
            ],
            [
              51.5814194,
              32.6366148
            ],
            [
              51.5821946,
              32.6365154
            ],
            [
              51.5823072,
              32.6357881
            ],
            [
              51.5820444,
              32.6339359
            ],
            [
              51.5833479,
              32.633701
            ],
            [
              51.5839273,
              32.6332041
            ],
            [
              51.5837717,
              32.6327433
            ],
            [
              51.5851343,
              32.6322328
            ],
            [
              51.585381,
              32.6328969
            ],
            [
              51.5874517,
              32.6325806
            ],
            [
              51.5873659,
              32.6321831
            ],
            [
              51.5882403,
              32.6319662
            ],
            [
              51.5886694,
              32.6327794
            ],
            [
              51.5893614,
              32.6325897
            ],
            [
              51.5897316,
              32.63179
            ],
            [
              51.5917593,
              32.6313247
            ],
            [
              51.5917808,
              32.6314693
            ],
            [
              51.5919471,
              32.6316139
            ],
            [
              51.5929234,
              32.631528
            ],
            [
              51.5931702,
              32.6315867
            ],
            [
              51.593366,
              32.6318465
            ],
            [
              51.5943155,
              32.6311034
            ],
            [
              51.5950826,
              32.6307103
            ],
            [
              51.5953401,
              32.6311034
            ],
            [
              51.5962493,
              32.6306968
            ],
            [
              51.5960911,
              32.6304573
            ],
            [
              51.5965524,
              32.6302834
            ],
            [
              51.5967053,
              32.6303105
            ],
            [
              51.5980813,
              32.6296983
            ],
            [
              51.5981859,
              32.6298903
            ],
            [
              51.5985829,
              32.6297142
            ],
            [
              51.5984219,
              32.6294453
            ],
            [
              51.5985668,
              32.6292533
            ],
            [
              51.599189,
              32.62884
            ],
            [
              51.6000125,
              32.628291
            ],
            [
              51.6005999,
              32.6276472
            ],
            [
              51.6004497,
              32.6275298
            ],
            [
              51.6007206,
              32.6272587
            ],
            [
              51.6006321,
              32.6271684
            ],
            [
              51.6008735,
              32.6269696
            ],
            [
              51.601139,
              32.6271932
            ],
            [
              51.6016996,
              32.6273649
            ],
            [
              51.6019651,
              32.6272045
            ],
            [
              51.6019464,
              32.6268001
            ],
            [
              51.6015118,
              32.6263732
            ],
            [
              51.6020107,
              32.6258627
            ],
            [
              51.6027349,
              32.625255
            ],
            [
              51.6035597,
              32.6244869
            ],
            [
              51.6038293,
              32.6241775
            ],
            [
              51.6040881,
              32.6237449
            ],
            [
              51.6041924,
              32.6236707
            ],
            [
              51.6042396,
              32.6237234
            ],
            [
              51.6066402,
              32.62652
            ],
            [
              51.6088128,
              32.6269876
            ],
            [
              51.6088128,
              32.6283701
            ],
            [
              51.6107333,
              32.6281442
            ],
            [
              51.6122782,
              32.6280087
            ],
            [
              51.6123211,
              32.6281645
            ],
            [
              51.6126537,
              32.6294815
            ],
            [
              51.6164513,
              32.6283951
            ],
            [
              51.616736,
              32.6295673
            ],
            [
              51.617353,
              32.6294815
            ],
            [
              51.6189146,
              32.6293303
            ],
            [
              51.6192841,
              32.6298519
            ],
            [
              51.6198045,
              32.6306064
            ],
            [
              51.6201639,
              32.6310085
            ],
            [
              51.6205448,
              32.6313247
            ],
            [
              51.6212945,
              32.6319391
            ],
            [
              51.6215372,
              32.6321198
            ],
            [
              51.6218913,
              32.6324112
            ],
            [
              51.6221514,
              32.6326055
            ],
            [
              51.6226476,
              32.6329646
            ],
            [
              51.623168,
              32.6332876
            ],
            [
              51.6239807,
              32.6337236
            ],
            [
              51.6248417,
              32.6341753
            ],
            [
              51.6257161,
              32.6345819
            ],
            [
              51.6264242,
              32.6348326
            ],
            [
              51.6274595,
              32.635063
            ],
            [
              51.6281395,
              32.6351455
            ],
            [
              51.6285818,
              32.635164
            ],
            [
              51.6310528,
              32.6352249
            ]
          ]
        ]
      },
      "id": "relation/17232171"
    },
    {
      "type": "Feature",
      "properties": {
        "@id": "relation/17241171",
        "admin_level": "11",
        "boundary": "administrative",
        "name": "محدوده ناژوان منطقه ۹",
        "place": "neighbourhood",
        "type": "boundary"
      },
      "geometry": {
        "type": "Polygon",
        "coordinates": [
          [
            [
              51.5717015,
              32.6465639
            ],
            [
              51.5666753,
              32.645753
            ],
            [
              51.5642345,
              32.6454911
            ],
            [
              51.5645249,
              32.6449574
            ],
            [
              51.5658367,
              32.6405777
            ],
            [
              51.5627983,
              32.6394069
            ],
            [
              51.5614594,
              32.6384528
            ],
            [
              51.561913,
              32.6365724
            ],
            [
              51.5619685,
              32.6368237
            ],
            [
              51.5624626,
              32.63757
            ],
            [
              51.5632694,
              32.6378519
            ],
            [
              51.5656469,
              32.6387771
            ],
            [
              51.5663164,
              32.6392179
            ],
            [
              51.5672262,
              32.639854
            ],
            [
              51.5707023,
              32.6418199
            ],
            [
              51.5719812,
              32.6423041
            ],
            [
              51.5729769,
              32.6423041
            ],
            [
              51.5743931,
              32.6418777
            ],
            [
              51.5754488,
              32.6416247
            ],
            [
              51.5766247,
              32.6418054
            ],
            [
              51.5770648,
              32.6419998
            ],
            [
              51.577852,
              32.6423475
            ],
            [
              51.5791481,
              32.6428317
            ],
            [
              51.5807188,
              32.6429257
            ],
            [
              51.5818346,
              32.6432075
            ],
            [
              51.5838688,
              32.6441471
            ],
            [
              51.5856197,
              32.6445879
            ],
            [
              51.586581,
              32.6445301
            ],
            [
              51.5873621,
              32.6439808
            ],
            [
              51.5878979,
              32.643096
            ],
            [
              51.5885895,
              32.642586
            ],
            [
              51.5894772,
              32.6420697
            ],
            [
              51.5906102,
              32.6418529
            ],
            [
              51.5915972,
              32.6421565
            ],
            [
              51.592653,
              32.6427925
            ],
            [
              51.596709,
              32.6405117
            ],
            [
              51.5981682,
              32.6398829
            ],
            [
              51.6001852,
              32.6386542
            ],
            [
              51.6008375,
              32.6386036
            ],
            [
              51.6013782,
              32.6387698
            ],
            [
              51.6027687,
              32.6395215
            ],
            [
              51.6041591,
              32.6399768
            ],
            [
              51.6051805,
              32.6400853
            ],
            [
              51.6065452,
              32.63976
            ],
            [
              51.6073349,
              32.6397383
            ],
            [
              51.6090687,
              32.639536
            ],
            [
              51.6155918,
              32.6387554
            ],
            [
              51.6179124,
              32.6391834
            ],
            [
              51.6197419,
              32.6389324
            ],
            [
              51.6227132,
              32.6378298
            ],
            [
              51.6266296,
              32.6376206
            ],
            [
              51.6299341,
              32.6366665
            ],
            [
              51.6310839,
              32.6366261
            ],
            [
              51.6322392,
              32.6365956
            ],
            [
              51.6334958,
              32.6361416
            ],
            [
              51.6345942,
              32.6362692
            ],
            [
              51.6351199,
              32.6366938
            ],
            [
              51.6365871,
              32.6379067
            ],
            [
              51.6371343,
              32.6384963
            ],
            [
              51.6381897,
              32.6395996
            ],
            [
              51.6388455,
              32.6399791
            ],
            [
              51.6395402,
              32.6401292
            ],
            [
              51.6402311,
              32.6403622
            ],
            [
              51.6404692,
              32.6419091
            ],
            [
              51.6406545,
              32.642548
            ],
            [
              51.6396904,
              32.6426137
            ],
            [
              51.639111,
              32.642817
            ],
            [
              51.6379362,
              32.642686
            ],
            [
              51.6381454,
              32.6414167
            ],
            [
              51.6318154,
              32.6408385
            ],
            [
              51.6318154,
              32.6417781
            ],
            [
              51.6334677,
              32.6423382
            ],
            [
              51.6350448,
              32.6426273
            ],
            [
              51.6357422,
              32.643079
            ],
            [
              51.636064,
              32.6433861
            ],
            [
              51.6356992,
              32.6454459
            ],
            [
              51.6365147,
              32.6458705
            ],
            [
              51.6370833,
              32.6463945
            ],
            [
              51.6368365,
              32.6469726
            ],
            [
              51.6371584,
              32.6470901
            ],
            [
              51.6370404,
              32.6491678
            ],
            [
              51.6363537,
              32.6493756
            ],
            [
              51.6360962,
              32.6490955
            ],
            [
              51.6354632,
              32.6490413
            ],
            [
              51.6340363,
              32.6490684
            ],
            [
              51.6336501,
              32.6491136
            ],
            [
              51.6329312,
              32.6490594
            ],
            [
              51.6328668,
              32.6489149
            ],
            [
              51.6319871,
              32.6489871
            ],
            [
              51.6319871,
              32.648689
            ],
            [
              51.6308069,
              32.6487071
            ],
            [
              51.6305494,
              32.6489149
            ],
            [
              51.6305601,
              32.6492581
            ],
            [
              51.6300881,
              32.6493394
            ],
            [
              51.6296589,
              32.6492852
            ],
            [
              51.6295838,
              32.6497008
            ],
            [
              51.6287577,
              32.6496376
            ],
            [
              51.6286397,
              32.650035
            ],
            [
              51.6286675,
              32.6502826
            ],
            [
              51.6282481,
              32.6502609
            ],
            [
              51.6259199,
              32.6505364
            ],
            [
              51.6252387,
              32.6505183
            ],
            [
              51.6244447,
              32.6504054
            ],
            [
              51.624037,
              32.6503196
            ],
            [
              51.6234362,
              32.650017
            ],
            [
              51.6228998,
              32.6498589
            ],
            [
              51.6221648,
              32.6496963
            ],
            [
              51.621623,
              32.649493
            ],
            [
              51.6202819,
              32.6492175
            ],
            [
              51.6197723,
              32.6490233
            ],
            [
              51.6195148,
              32.6489103
            ],
            [
              51.619252,
              32.6488245
            ],
            [
              51.6189998,
              32.6487974
            ],
            [
              51.6187745,
              32.6488245
            ],
            [
              51.6183078,
              32.6490594
            ],
            [
              51.6179645,
              32.6494569
            ],
            [
              51.6176855,
              32.6490052
            ],
            [
              51.6169453,
              32.6486348
            ],
            [
              51.6166234,
              32.6483819
            ],
            [
              51.6163874,
              32.6480386
            ],
            [
              51.6153467,
              32.6475689
            ],
            [
              51.6146707,
              32.6475598
            ],
            [
              51.6141719,
              32.6476502
            ],
            [
              51.6135657,
              32.6476818
            ],
            [
              51.613335,
              32.6476818
            ],
            [
              51.6123694,
              32.6479844
            ],
            [
              51.6111088,
              32.6484677
            ],
            [
              51.6100573,
              32.6491543
            ],
            [
              51.6082978,
              32.6490594
            ],
            [
              51.6068601,
              32.6488426
            ],
            [
              51.60568,
              32.6489871
            ],
            [
              51.6056907,
              32.6493665
            ],
            [
              51.604017,
              32.6493123
            ],
            [
              51.6040492,
              32.6509384
            ],
            [
              51.6025686,
              32.6504506
            ],
            [
              51.602,
              32.6503241
            ],
            [
              51.6016889,
              32.6504235
            ],
            [
              51.6011631,
              32.6502699
            ],
            [
              51.5996611,
              32.6492491
            ],
            [
              51.5991998,
              32.6488426
            ],
            [
              51.5981483,
              32.6486981
            ],
            [
              51.59729,
              32.6487523
            ],
            [
              51.5936208,
              32.6487161
            ],
            [
              51.5918827,
              32.6488426
            ],
            [
              51.5909815,
              32.6490233
            ],
            [
              51.5905094,
              32.6488245
            ],
            [
              51.5901661,
              32.6484993
            ],
            [
              51.5879988,
              32.6484632
            ],
            [
              51.5884924,
              32.6474153
            ],
            [
              51.5884709,
              32.6466564
            ],
            [
              51.5873766,
              32.6465661
            ],
            [
              51.586411,
              32.6465661
            ],
            [
              51.5857458,
              32.6471081
            ],
            [
              51.5812397,
              32.6461325
            ],
            [
              51.5769696,
              32.6457711
            ],
            [
              51.5741586,
              32.6458253
            ],
            [
              51.5720129,
              32.6456085
            ],
            [
              51.5717015,
              32.6465639
            ]
          ]
        ]
      },
      "id": "relation/17241171"
    },
    {
      "type": "Feature",
      "properties": {
        "@id": "node/820885142",
        "@relations": [
          {
            "role": "admin_centre",
            "rel": 12382148,
            "reltags": {
              "admin_level": "9",
              "alt_name:en": "Khorasgan",
              "alt_name:fa": "خوراسگان",
              "boundary": "administrative",
              "name": "منطقه ۱۵",
              "name:de": "15. Bezirk",
              "name:en": "District 15",
              "name:fa": "منطقه ۱۵",
              "official_name:fa": "منطقه ۱۵ شهر اصفهان",
              "place": "suburb",
              "source": "https://map.isfahan.ir/home/portal?district_no=15",
              "type": "boundary",
              "wikidata": "Q2614200",
              "wikipedia": "en:Khvorasgan"
            }
          }
        ]
      },
      "geometry": {
        "type": "Point",
        "coordinates": [
          51.7550143,
          32.6517232
        ]
      },
      "id": "node/820885142"
    },
    {
      "type": "Feature",
      "properties": {
        "@id": "node/8733196570",
        "@relations": [
          {
            "role": "admin_centre",
            "rel": 12399778,
            "reltags": {
              "admin_level": "9",
              "boundary": "administrative",
              "name": "منطقه ۲ خمینی شهر",
              "name:de": "2 Bezirk",
              "name:en": "Khomeini Shahr District 2",
              "name:fa": "منطقه ۲ خمینی شهر",
              "name:uk": "Хомейнішегр",
              "place": "suburb",
              "source": "https://khomeinishahr.ir/wp-content/uploads/2020/06/image-5.png",
              "type": "boundary"
            }
          }
        ]
      },
      "geometry": {
        "type": "Point",
        "coordinates": [
          51.5259757,
          32.6779069
        ]
      },
      "id": "node/8733196570"
    },
    {
      "type": "Feature",
      "properties": {
        "@id": "node/8733196568",
        "@relations": [
          {
            "role": "admin_centre",
            "rel": 12399777,
            "reltags": {
              "admin_level": "9",
              "boundary": "administrative",
              "name": "منطقه ۴ خمینی شهر",
              "name:de": "4. Bezirk",
              "name:en": "Khomeini Shahr District 4",
              "name:fa": "منطقه ۴ خمینی شهر",
              "place": "suburb",
              "source": "https://khomeinishahr.ir/wp-content/uploads/2020/06/image-5.png",
              "type": "boundary"
            }
          }
        ]
      },
      "geometry": {
        "type": "Point",
        "coordinates": [
          51.503978,
          32.7042636
        ]
      },
      "id": "node/8733196568"
    },
    {
      "type": "Feature",
      "properties": {
        "@id": "node/8733196569",
        "@relations": [
          {
            "role": "admin_centre",
            "rel": 12399779,
            "reltags": {
              "admin_level": "9",
              "boundary": "administrative",
              "name": "منطقه ۱ خمینی شهر",
              "name:de": "1 Bezirk",
              "name:en": "Khomeini Shahr District 1",
              "name:fa": "منطقه ۱ خمینی شهر",
              "place": "suburb",
              "source": "https://khomeinishahr.ir/wp-content/uploads/2020/06/image-5.png",
              "type": "boundary"
            }
          }
        ]
      },
      "geometry": {
        "type": "Point",
        "coordinates": [
          51.5458871,
          32.6913695
        ]
      },
      "id": "node/8733196569"
    },
    {
      "type": "Feature",
      "properties": {
        "@id": "node/8733196571",
        "@relations": [
          {
            "role": "admin_centre",
            "rel": 12399780,
            "reltags": {
              "admin_level": "9",
              "boundary": "administrative",
              "name": "منطقه ۳ خمینی شهر",
              "name:de": "3 Bezirk",
              "name:en": "Khomeini Shahr District 3",
              "name:fa": "منطقه ۳ خمینی شهر",
              "place": "suburb",
              "source": "https://khomeinishahr.ir/wp-content/uploads/2020/06/image-5.png",
              "type": "boundary"
            }
          }
        ]
      },
      "geometry": {
        "type": "Point",
        "coordinates": [
          51.5705019,
          32.6828604
        ]
      },
      "id": "node/8733196571"
    },
    {
      "type": "Feature",
      "properties": {
        "@id": "node/8644704300",
        "@relations": [
          {
            "role": "admin_centre",
            "rel": 12382638,
            "reltags": {
              "admin_level": "9",
              "boundary": "administrative",
              "name": "منطقه ۱۳",
              "name:de": "13. Bezirk",
              "name:en": "District 13",
              "name:fa": "منطقه ۱۳",
              "official_name:fa": "منطقه ۱۳ شهر اصفهان",
              "place": "suburb",
              "source": "https://map.isfahan.ir/home/portal?district_no=13",
              "type": "boundary",
              "url": "https://mun13.isfahan.ir/"
            }
          }
        ]
      },
      "geometry": {
        "type": "Point",
        "coordinates": [
          51.6102077,
          32.6174585
        ]
      },
      "id": "node/8644704300"
    },
    {
      "type": "Feature",
      "properties": {
        "@id": "node/8644704296",
        "@relations": [
          {
            "role": "admin_centre",
            "rel": 12383816,
            "reltags": {
              "admin_level": "9",
              "boundary": "administrative",
              "name": "منطقه ۵",
              "name:de": "5. Bezirk",
              "name:en": "District 5",
              "name:fa": "منطقه ۵",
              "official_name:fa": "منطقه ۵ شهر اصفهان",
              "place": "suburb",
              "source": "https://map.isfahan.ir/home/portal?district_no=5",
              "type": "boundary",
              "url": "https://mun5.isfahan.ir/"
            }
          }
        ]
      },
      "geometry": {
        "type": "Point",
        "coordinates": [
          51.6444872,
          32.6218063
        ]
      },
      "id": "node/8644704296"
    },
    {
      "type": "Feature",
      "properties": {
        "@id": "node/8644704297",
        "@relations": [
          {
            "role": "admin_centre",
            "rel": 12383794,
            "reltags": {
              "admin_level": "9",
              "boundary": "administrative",
              "name": "منطقه ۶",
              "name:de": "6. Bezirk",
              "name:en": "District 6",
              "name:fa": "منطقه ۶",
              "official_name:fa": "منطقه ۶ شهر اصفهان",
              "place": "suburb",
              "source": "https://map.isfahan.ir/home/portal?district_no=6",
              "type": "boundary",
              "url": "https://mun6.isfahan.ir/"
            }
          }
        ]
      },
      "geometry": {
        "type": "Point",
        "coordinates": [
          51.6778156,
          32.6160293
        ]
      },
      "id": "node/8644704297"
    },
    {
      "type": "Feature",
      "properties": {
        "@id": "node/11638025372",
        "@relations": [
          {
            "role": "admin_centre",
            "rel": 17232171,
            "reltags": {
              "admin_level": "11",
              "boundary": "administrative",
              "name": "محدودهی پارک ناژ وان منطقه 13",
              "place": "neighbourhood",
              "type": "boundary"
            }
          }
        ]
      },
      "geometry": {
        "type": "Point",
        "coordinates": [
          51.6019249,
          32.6344961
        ]
      },
      "id": "node/11638025372"
    },
    {
      "type": "Feature",
      "properties": {
        "@id": "node/11644753685",
        "@relations": [
          {
            "role": "admin_centre",
            "rel": 17241171,
            "reltags": {
              "admin_level": "11",
              "boundary": "administrative",
              "name": "محدوده ناژوان منطقه ۹",
              "place": "neighbourhood",
              "type": "boundary"
            }
          }
        ]
      },
      "geometry": {
        "type": "Point",
        "coordinates": [
          51.6141557,
          32.6442896
        ]
      },
      "id": "node/11644753685"
    },
    {
      "type": "Feature",
      "properties": {
        "@id": "node/8644704298",
        "@relations": [
          {
            "role": "admin_centre",
            "rel": 12383149,
            "reltags": {
              "admin_level": "9",
              "boundary": "administrative",
              "name": "منطقه ۹",
              "name:de": "9. Bezirk",
              "name:en": "District 9",
              "name:fa": "منطقه ۹",
              "official_name:fa": "منطقه ۹ شهر اصفهان",
              "place": "suburb",
              "source": "https://map.isfahan.ir/home/portal?district_no=19",
              "type": "boundary",
              "url": "https://mun9.isfahan.ir/"
            }
          }
        ]
      },
      "geometry": {
        "type": "Point",
        "coordinates": [
          51.6128853,
          32.662235
        ]
      },
      "id": "node/8644704298"
    },
    {
      "type": "Feature",
      "properties": {
        "@id": "node/8644704293",
        "@relations": [
          {
            "role": "admin_centre",
            "rel": 12383901,
            "reltags": {
              "admin_level": "9",
              "boundary": "administrative",
              "name": "منطقه ۲",
              "name:de": "2 Bezirk",
              "name:en": "District 2",
              "name:fa": "منطقه ۲",
              "official_name:fa": "منطقه ۲ شهر اصفهان",
              "place": "suburb",
              "source": "https://map.isfahan.ir/home/portal?district_no=2",
              "type": "boundary",
              "url": "https://mun2.isfahan.ir/"
            }
          }
        ]
      },
      "geometry": {
        "type": "Point",
        "coordinates": [
          51.6315084,
          32.6790404
        ]
      },
      "id": "node/8644704293"
    },
    {
      "type": "Feature",
      "properties": {
        "@id": "node/8644704292",
        "@relations": [
          {
            "role": "admin_centre",
            "rel": 12383904,
            "reltags": {
              "admin_level": "9",
              "boundary": "administrative",
              "name": "منطقه ۱",
              "name:de": "1 Bezirk",
              "name:en": "District 1",
              "name:fa": "منطقه ۱",
              "official_name:fa": "منطقه ۱ شهر اصفهان",
              "place": "suburb",
              "source": "https://map.isfahan.ir/home/portal?district_no=1",
              "type": "boundary",
              "url": "https://mun1.isfahan.ir/"
            }
          }
        ]
      },
      "geometry": {
        "type": "Point",
        "coordinates": [
          51.6565365,
          32.6552273
        ]
      },
      "id": "node/8644704292"
    },
    {
      "type": "Feature",
      "properties": {
        "@id": "node/8644704294",
        "@relations": [
          {
            "role": "label",
            "rel": 12383876,
            "reltags": {
              "admin_level": "9",
              "boundary": "administrative",
              "name": "منطقه ۳",
              "name:de": "3. Bezirk",
              "name:en": "District 3",
              "name:fa": "منطقه ۳",
              "official_name:fa": "منطقه ۳ شهر اصفهان",
              "place": "suburb",
              "source": "https://map.isfahan.ir/home/portal?district_no=3",
              "type": "boundary",
              "url": "https://mun3.isfahan.ir/"
            }
          }
        ]
      },
      "geometry": {
        "type": "Point",
        "coordinates": [
          51.6844368,
          32.6534764
        ]
      },
      "id": "node/8644704294"
    },
    {
      "type": "Feature",
      "properties": {
        "@id": "node/7076922109",
        "@relations": [
          {
            "role": "admin_centre",
            "rel": 12382981,
            "reltags": {
              "admin_level": "9",
              "alt_name:en": "Rehnan",
              "alt_name:fa": "رهنان",
              "boundary": "administrative",
              "name": "منطقه ۱۱",
              "name:de": "11. Bezirk",
              "name:en": "District 11",
              "name:fa": "منطقه ۱۱",
              "official_name:fa": "منطقه ۱۱ شهر اصفهان",
              "place": "suburb",
              "source": "https://map.isfahan.ir/home/portal?district_no=11",
              "type": "boundary",
              "url": "https://mun11.isfahan.ir/",
              "wikidata": "Q9384664",
              "wikipedia": "fa:رهنان"
            }
          }
        ]
      },
      "geometry": {
        "type": "Point",
        "coordinates": [
          51.6163033,
          32.69245
        ]
      },
      "id": "node/7076922109"
    },
    {
      "type": "Feature",
      "properties": {
        "@id": "node/8643586096",
        "@relations": [
          {
            "role": "admin_centre",
            "rel": 12383192,
            "reltags": {
              "admin_level": "9",
              "boundary": "administrative",
              "name": "منطقه ۸",
              "name:de": "8. Bezirk",
              "name:en": "District 8",
              "name:fa": "منطقه ۸",
              "official_name:fa": "منطقه ۸ شهر اصفهان",
              "place": "suburb",
              "source": "https://map.isfahan.ir/home/portal?district_no=8",
              "type": "boundary",
              "url": "https://mun8.isfahan.ir/"
            }
          }
        ]
      },
      "geometry": {
        "type": "Point",
        "coordinates": [
          51.6460772,
          32.7043722
        ]
      },
      "id": "node/8643586096"
    },
    {
      "type": "Feature",
      "properties": {
        "@id": "node/8643586094",
        "@relations": [
          {
            "role": "admin_centre",
            "rel": 12382668,
            "reltags": {
              "admin_level": "9",
              "boundary": "administrative",
              "name": "منطقه ۱۲",
              "name:de": "12. Bezirk",
              "name:en": "District 12",
              "name:fa": "منطقه ۱۲",
              "official_name:fa": "منطقه ۱۲ شهر اصفهان",
              "place": "suburb",
              "source": "https://map.isfahan.ir/home/portal?district_no=12",
              "type": "boundary",
              "url": "https://mun12.isfahan.ir/"
            }
          }
        ]
      },
      "geometry": {
        "type": "Point",
        "coordinates": [
          51.6500215,
          32.7264102
        ]
      },
      "id": "node/8643586094"
    },
    {
      "type": "Feature",
      "properties": {
        "@id": "node/8643586095",
        "@relations": [
          {
            "role": "admin_centre",
            "rel": 12383535,
            "reltags": {
              "admin_level": "9",
              "boundary": "administrative",
              "name": "منطقه ۷",
              "name:de": "7. Bezirk",
              "name:en": "District 7",
              "name:fa": "منطقه ۷",
              "official_name:fa": "منطقه ۷ شهر اصفهان",
              "place": "suburb",
              "source": "https://map.isfahan.ir/home/portal?district_no=7",
              "type": "boundary",
              "url": "https://mun7.isfahan.ir/"
            }
          }
        ]
      },
      "geometry": {
        "type": "Point",
        "coordinates": [
          51.6881285,
          32.7198914
        ]
      },
      "id": "node/8643586095"
    },
    {
      "type": "Feature",
      "properties": {
        "@id": "node/8644704295",
        "@relations": [
          {
            "role": "admin_centre",
            "rel": 12383867,
            "reltags": {
              "admin_level": "9",
              "boundary": "administrative",
              "name": "منطقه ۴",
              "name:de": "4. Bezirk",
              "name:en": "District 4",
              "name:fa": "منطقه ۴",
              "official_name:fa": "منطقه ۴ شهر اصفهان",
              "place": "suburb",
              "source": "https://map.isfahan.ir/home/portal?district_no=4",
              "type": "boundary",
              "url": "https://mun4.isfahan.ir/"
            }
          }
        ]
      },
      "geometry": {
        "type": "Point",
        "coordinates": [
          51.7311336,
          32.6366954
        ]
      },
      "id": "node/8644704295"
    },
    {
      "type": "Feature",
      "properties": {
        "@id": "node/8644704299",
        "@relations": [
          {
            "role": "admin_centre",
            "rel": 12383148,
            "reltags": {
              "admin_level": "9",
              "boundary": "administrative",
              "name": "منطقه ۱۰",
              "name:de": "10. Bezirk",
              "name:en": "District 10",
              "name:fa": "منطقه ۱۰",
              "official_name:fa": "منطقه ۱۰ شهر اصفهان",
              "place": "suburb",
              "source": "https://map.isfahan.ir/home/portal?district_no=10",
              "type": "boundary",
              "url": "https://mun10.isfahan.ir/"
            }
          }
        ]
      },
      "geometry": {
        "type": "Point",
        "coordinates": [
          51.7243615,
          32.6901739
        ]
      },
      "id": "node/8644704299"
    },
    {
      "type": "Feature",
      "properties": {
        "@id": "node/8644704301",
        "@relations": [
          {
            "role": "admin_centre",
            "rel": 12382552,
            "reltags": {
              "admin_level": "9",
              "boundary": "administrative",
              "name": "منطقه ۱۴",
              "name:de": "14. Bezirk",
              "name:en": "District 14",
              "name:fa": "منطقه ۱۴",
              "official_name:fa": "منطقه ۱۴ شهر اصفهان",
              "place": "suburb",
              "source": "https://map.isfahan.ir/home/portal?district_no=14",
              "type": "boundary",
              "url": "https://mun14.isfahan.ir/"
            }
          }
        ]
      },
      "geometry": {
        "type": "Point",
        "coordinates": [
          51.7236543,
          32.7111217
        ]
      },
      "id": "node/8644704301"
    }
  ]
}